Workbook

Sheet A26 Pham Ngu Lao
A1: A26 Pham Ngu Lao
A2: Địa chỉ: Pham Ngu Lao, District 1, HCMC
A4: REPORT
B6: Mã đặt phòng | C6: Loại phòng | D6: Tên phòng | E6: Tên khách | F6: Ngày đến | G6: Ngày đi | H6: Tiền phòng | I6: Dịch vụ | J6: Tổng doanh thu | K6: Nợ trước | L6: Tiền mặt | M6: Thẻ tín dụng | N6: Chuyển khoản | O6: Công nợ | P6: Còn thiếu | Q6: SĐT | R6: Email | S6: CMND/Hộ chiếu | T6: Nguồn | U6: Thị trường | V6: Trạng thái | W6: Số hóa đơn | X6: Mã CMS | Y6: Giá trung bình | Z6: Số đêm
B7: 1 | C7: DELUXE-PNL | D7: 503 | E7: chị trang | F7: 22/05/24 09:40 | G7: 22/05/24 15:54 | H7: 0 | I7: 0 | J7: 0 | K7: 0 | L7: 0 | M7: 0 | N7: 0 | O7: 0 | P7: 0 | V7: CHECKOUT | W7: 1 | Y7: 0 | Z7: 1
B8: 9 | C8: DELUXE-PNL | D8: 303 | E8: Kayden | F8: 24/05/24 21:00 | G8: 25/05/24 08:59 | H8: 449000 | I8: 0 | J8: 449000 | K8: 0 | L8: 449000 | M8: 0 | N8: 0 | O8: 0 | P8: 0 | T8: Booked_CTV | V8: CHECKOUT | W8: 9 | Y8: 449000 | Z8: 1
B9: 5 | C9: DELUXE-PNL | D9: 403 | E9: Kang Byeong Jae | F9: 24/05/24 23:40 | G9: 25/05/24 09:00 | H9: 784534 | I9: 0 | J9: 784534 | K9: 0 | L9: 0 | M9: 0 | N9: 0 | O9: 784534 | P9: 0 | Q9: 821052846890 | T9: ONLINE | V9: CHECKOUT | W9: 5 | X9: HM5TCXPYJ5_LDCB1F | Y9: 784534 | Z9: 1
B10: 13 | C10: DELUXE-PNL | D10: 403 | E10: Long Hoàng | F10: 25/05/24 14:09 | G10: 25/05/24 14:09 | H10: 0 | I10: 0 | J10: 0 | K10: 0 | L10: 0 | M10: 0 | N10: 0 | O10: 0 | P10: 0 | T10: Booked_TA | V10: CHECKOUT | W10: 13 | Y10: 0 | Z10: 1
B11: 16 | C11: DELUXE-PNL | D11: 303 | E11: NG | F11: 25/05/24 15:04 | G11: 25/05/24 17:24 | H11: 449000 | I11: 0 | J11: 449000 | K11: 0 | L11: 0 | M11: 0 | N11: 449000 | O11: 0 | P11: 0 | T11: Booked_CTV | V11: CHECKOUT | W11: 16 | Y11: 449000 | Z11: 1
B12: 14 | C12: SUP-PNL | D12: 302 | E12: Đào Ngọc Mạnh | F12: 25/05/24 15:04 | G12: 25/05/24 18:42 | H12: 469000 | I12: 19000 | J12: 488000 | K12: 0 | L12: 19000 | M12: 0 | N12: 469000 | O12: 0 | P12: 0 | T12: Booked_CTV | V12: CHECKOUT | W12: 14 | Y12: 469000 | Z12: 1
B13: 12 | C13: STD-PNL | D13: 501 | E13: Tuấn | F13: 25/05/24 12:43 | G13: 26/05/24 08:35 | H13: 585000 | I13: 0 | J13: 585000 | K13: 0 | L13: 0 | M13: 0 | N13: 585000 | O13: 0 | P13: 0 | Q13: 0349743629 | T13: Booked_TA | V13: CHECKOUT | W13: 12 | Y13: 585000 | Z13: 1
B14: 8 | C14: SUP-Q-PNL | D14: 502 | E14: ASPA Baptiste | F14: 24/05/24 19:03 | G14: 26/05/24 08:35 | H14: 1530000 | I14: 0 | J14: 1530000 | K14: 0 | L14: 0 | M14: 0 | N14: 0 | O14: 1530000 | P14: 0 | T14: Booked_CTV | V14: CHECKOUT | W14: 8 | Y14: 765000 | Z14: 2
B15: 6 | C15: STD-PNL | D15: 301 | E15: Đặng Mai | F15: 25/05/24 20:06 | G15: 26/05/24 09:05 | H15: 463075 | I15: 0 | J15: 463075 | K15: 0 | L15: 0 | M15: 0 | N15: 0 | O15: 463075 | P15: 0 | Q15: 841212120676 | T15: ONLINE | V15: CHECKOUT | W15: 6 | X15: HMKHY5YWEM_LDCB1F | Y15: 463075 | Z15: 1
B16: 15 | C16: STD-PNL | D16: 401 | E16: Lý Minh Trí | F16: 25/05/24 14:16 | G16: 26/05/24 10:06 | H16: 580000 | I16: 0 | J16: 580000 | K16: 0 | L16: 580000 | M16: 0 | N16: 0 | O16: 0 | P16: 0 | Q16: 0932829180 | T16: Booked_CTV | V16: CHECKOUT | W16: 15 | Y16: 580000 | Z16: 1
B17: 11 | C17: STD-PNL | D17: 601 | E17: Lê Nhật | F17: 25/05/24 18:01 | G17: 26/05/24 11:00 | H17: 585000 | I17: 0 | J17: 585000 | K17: 0 | L17: 0 | M17: 0 | N17: 585000 | O17: 0 | P17: 0 | Q17: 0382156526 | T17: Booked_TA | V17: CHECKOUT | W17: 11 | Y17: 585000 | Z17: 1
B18: 17 | C18: SUP-Q-PNL | D18: 602 | E18: Russell | F18: 25/05/24 18:38 | G18: 26/05/24 11:00 | H18: 700000 | I18: 0 | J18: 700000 | K18: 0 | L18: 0 | M18: 0 | N18: 0 | O18: 700000 | P18: 0 | T18: Booked_CTV | V18: CHECKOUT | W18: 17 | Y18: 700000 | Z18: 1
B19: 19 | C19: STD-PNL | D19: 201 | E19: Quỳnh Như | F19: 25/05/24 22:35 | G19: 26/05/24 16:00 | H19: 825000 | I19: 0 | J19: 825000 | K19: 0 | L19: 240000 | M19: 0 | N19: 585000 | O19: 0 | P19: 0 | Q19: 0333038479 | T19: Booked_CTV | V19: CHECKOUT | W19: 19 | Y19: 825000 | Z19: 1
B20: 22 | C20: STD-PNL | D20: 501 | E20: Jo Phạm | F20: 26/05/24 13:59 | G20: 26/05/24 20:00 | H20: 575000 | I20: 0 | J20: 575000 | K20: 0 | L20: 0 | M20: 0 | N20: 0 | O20: 575000 | P20: 0 | Q20: 0906380089 | T20: Booked_TA | V20: CHECKOUT | W20: 22 | Y20: 575000 | Z20: 1
B21: 23 | C21: DELUXE-PNL | D21: 603 | E21: Lê Văn Thấu | F21: 26/05/24 19:44 | G21: 27/05/24 11:00 | H21: 585000 | I21: 0 | J21: 555000 | K21: 0 | L21: 0 | M21: 0 | N21: 555000 | O21: 0 | P21: 0 | S21: 038050003261 | T21: Booked_CTV | V21: CHECKOUT | W21: 24 | Y21: 585000 | Z21: 1
B22: 26 | C22: SUP-Q-PNL | D22: 602 | E22: Elvinas | F22: 26/05/24 19:31 | G22: 27/05/24 11:00 | H22: 804667 | I22: 0 | J22: 804667 | K22: 0 | L22: 0 | M22: 0 | N22: 0 | O22: 804667 | P22: 0 | T22: Công ty | V22: CHECKOUT | W22: 29 | Y22: 804667 | Z22: 1
B23: 10 | C23: SUP-PNL | D23: 402 | E23: Linh Đan | F23: 25/05/24 15:34 | G23: 27/05/24 11:30 | H23: 2042000 | I23: 200000 | J23: 2242000 | K23: 0 | L23: 1570000 | M23: 0 | N23: 672000 | O23: 0 | P23: 0 | Q23: 0989838633 | T23: Booked_CTV | V23: CHECKOUT | W23: 10 | Y23: 1021000 | Z23: 2
B24: 30 | C24: STD-PNL | D24: 501 | E24: Nghĩa Trịnh | F24: 27/05/24 12:00 | G24: 27/05/24 23:00 | H24: 529000 | I24: 0 | J24: 529000 | K24: 0 | L24: 0 | M24: 0 | N24: 529000 | O24: 0 | P24: 0 | Q24: 0395425614 | T24: Booked_TA | V24: CHECKOUT | W24: 33 | Y24: 529000 | Z24: 1
B25: 31 | C25: DELUXE-PNL | D25: 303 | E25: Võ Việt Trung | F25: 27/05/24 20:14 | G25: 28/05/24 09:09 | H25: 899000 | I25: 0 | J25: 809100 | K25: 0 | L25: 0 | M25: 0 | N25: 809100 | O25: 0 | P25: 0 | Q25: +84989109476 | R25: johntrung@gmail.com | T25: ONLINE | V25: CHECKOUT | W25: 34 | X25: 88825144721 | Y25: 899000 | Z25: 1
B26: 23 | C26: STD-PNL | D26: 601 | E26: Lê Ngọc Long | F26: 26/05/24 19:44 | G26: 28/05/24 09:34 | H26: 990000 | I26: 0 | J26: 990000 | K26: 0 | L26: 0 | M26: 0 | N26: 990000 | O26: 0 | P26: 0 | Q26: 0947865604 | S26: 038200032687 | T26: Booked_CTV | V26: CHECKOUT | W26: 23 | Y26: 495000 | Z26: 2
B27: 28 | C27: STD-PNL | D27: 501 | E27: Tien Tien | F27: 28/05/24 23:21 | G27: 29/05/24 10:37 | H27: 494000 | I27: 19000 | J27: 513000 | K27: 0 | L27: 19000 | M27: 0 | N27: 494000 | O27: 0 | P27: 0 | Q27: 0932006246 | T27: Booked_TA | V27: CHECKOUT | W27: 31 | Y27: 494000 | Z27: 1
B28: 24 | C28: SUP-PNL | D28: 402 | E28: phạm uyên thuỳ | F28: 27/05/24 14:33 | G28: 29/05/24 11:00 | H28: 1173334 | I28: 29000 | J28: 1202334 | K28: 0 | L28: 29000 | M28: 0 | N28: 1173334 | O28: 0 | P28: 0 | Q28: 0849127979 | T28: Booked_CTV | V28: CHECKOUT | W28: 26 | Y28: 586667 | Z28: 2
B29: 25 | C29: STD-PNL | D29: 401 | E29: Phan thị trang | F29: 26/05/24 23:40 | G29: 29/05/24 11:00 | H29: 1485000 | I29: 0 | J29: 1485000 | K29: 0 | L29: 0 | M29: 0 | N29: 1485000 | O29: 0 | P29: 0 | Q29: 0935954348 | T29: Booked_CTV | V29: CHECKOUT | W29: 28 | Y29: 495000 | Z29: 3
B30: 32 | C30: DELUXE-PNL | D30: 303 | E30: Tran huu Duc | F30: 28/05/24 17:12 | G30: 29/05/24 11:00 | H30: 899000 | I30: 0 | J30: 899000 | K30: 0 | L30: 0 | M30: 0 | N30: 899000 | O30: 0 | P30: 0 | Q30: +84 90 417 97 79 | T30: Booked_CTV | V30: CHECKOUT | W30: 35 | Y30: 899000 | Z30: 1
B31: 34 | C31: DELUXE-PNL | D31: 503 | E31: Bai Song | F31: 28/05/24 17:43 | G31: 29/05/24 11:00 | H31: 641656 | I31: 0 | J31: 641656 | K31: 0 | L31: 0 | M31: 0 | N31: 0 | O31: 641656 | P31: 0 | Q31: 8613216128828 | T31: ONLINE | V31: CHECKOUT | W31: 37 | X31: HM52SZN2WB_LDCB1F | Y31: 641656 | Z31: 1
B32: 33 | C32: DELUXE-PNL | D32: 403 | E32: Verma Shekher | F32: 28/05/24 11:15 | G32: 29/05/24 12:00 | H32: 467587 | I32: 39000 | J32: 506587 | K32: 0 | L32: 39000 | M32: 0 | N32: 0 | O32: 467587 | P32: 0 | V32: CHECKOUT | W32: 36 | Y32: 467587 | Z32: 1
B33: 39 | C33: STD-PNL | D33: 101 | E33: Nguyễn Trung Kiên | F33: 28/05/24 23:35 | G33: 29/05/24 12:00 | H33: 400000 | I33: 0 | J33: 400000 | K33: 0 | L33: 0 | M33: 0 | N33: 400000 | O33: 0 | P33: 0 | Q33: 0336280281 | T33: Booked_CTV | V33: CHECKOUT | W33: 42 | Y33: 400000 | Z33: 1
B34: 24 | C34: SUP-Q-PNL | D34: 602 | E34: phạm uyên thuỳ | F34: 27/05/24 14:33 | G34: 29/05/24 17:35 | H34: 1833334 | I34: 0 | J34: 1833334 | K34: 0 | L34: 580000 | M34: 0 | N34: 1253334 | O34: 0 | P34: 0 | Q34: 0849127979 | T34: Booked_CTV | V34: CHECKOUT | W34: 27 | Y34: 916667 | Z34: 2
B35: 24 | C35: SUP-Q-PNL | D35: 502 | E35: phạm uyên thuỳ | F35: 27/05/24 14:33 | G35: 29/05/24 17:36 | H35: 1833332 | I35: 0 | J35: 1833332 | K35: 0 | L35: 580000 | M35: 0 | N35: 1253332 | O35: 0 | P35: 0 | Q35: 0849127979 | T35: Booked_CTV | V35: CHECKOUT | W35: 25 | Y35: 916666 | Z35: 2
B36: 43 | C36: SUP-PNL | D36: 202 | E36: Nguyễn Thương | F36: 29/05/24 14:53 | G36: 29/05/24 17:38 | H36: 400000 | I36: 0 | J36: 400000 | K36: 0 | L36: 0 | M36: 0 | N36: 400000 | O36: 0 | P36: 0 | Q36: 0912465699 | T36: Booked_CTV | V36: CHECKOUT | W36: 46 | Y36: 400000 | Z36: 1
B37: 35 | C37: STD-PNL | D37: 601 | E37: Huỳnh Tuấn Kiệt | F37: 28/05/24 17:05 | G37: 30/05/24 08:06 | H37: 990000 | I37: 0 | J37: 990000 | K37: 0 | L37: 495000 | M37: 0 | N37: 495000 | O37: 0 | P37: 0 | Q37: 0914787909 | T37: Booked_CTV | V37: CHECKOUT | W37: 38 | Y37: 495000 | Z37: 2
B38: 37 | C38: SUP-PNL | D38: 102 | E38: Trần Thị Tường Vi | F38: 28/05/24 18:59 | G38: 30/05/24 10:57 | H38: 1100000 | I38: 0 | J38: 1100000 | K38: 0 | L38: 1100000 | M38: 0 | N38: 0 | O38: 0 | P38: 0 | T38: Booked_CTV | V38: CHECKOUT | W38: 40 | Y38: 550000 | Z38: 2
B39: 42 | C39: STD-PNL | D39: 501 | E39: Quốc Bảo | F39: 29/05/24 20:15 | G39: 30/05/24 11:00 | H39: 495000 | I39: 19000 | J39: 514000 | K39: 0 | L39: 264000 | M39: 0 | N39: 250000 | O39: 0 | P39: 0 | Q39: 0819200907 | T39: Booked_TA | V39: CHECKOUT | W39: 45 | Y39: 495000 | Z39: 1
B40: 46 | C40: STD-PNL | D40: 101 | E40: Choi Jae Min | F40: 30/05/24 12:30 | G40: 30/05/24 12:51 | H40: 349000 | I40: 0 | J40: 349000 | K40: 0 | L40: 349000 | M40: 0 | N40: 0 | O40: 0 | P40: 0 | T40: Booked_CTV | V40: CHECKOUT | W40: 51 | Y40: 349000 | Z40: 1
B41: 29 | C41: SUP-PNL | D41: 302 | E41: Ivy Van | F41: 27/05/24 15:12 | G41: 30/05/24 13:51 | H41: 1912000 | I41: 57000 | J41: 1969000 | K41: 0 | L41: 217000 | M41: 0 | N41: 1752000 | O41: 0 | P41: 0 | Q41: 0934 611 494 | T41: Booked_TA | V41: CHECKOUT | W41: 32 | Y41: 637333.33 | Z41: 3
B42: 48 | C42: STD-PNL | D42: 601 | E42: Hứa Bích Trân | F42: 30/05/24 14:46 | G42: 31/05/24 08:53 | H42: 349000 | I42: 0 | J42: 349000 | K42: 0 | L42: 349000 | M42: 0 | N42: 0 | O42: 0 | P42: 0 | T42: Booked_CTV | V42: CHECKOUT | W42: 53 | Y42: 349000 | Z42: 1
B43: 36 | C43: STD-PNL | D43: 201 | E43: Nguyễn Xuân Hải | F43: 28/05/24 18:23 | G43: 31/05/24 08:55 | H43: 1290000 | I43: 0 | J43: 1290000 | K43: 0 | L43: 0 | M43: 0 | N43: 840000 | O43: 450000 | P43: 0 | Q43: 0948653477 | T43: Booked_CTV | V43: CHECKOUT | W43: 39 | Y43: 430000 | Z43: 3
B44: 52 | C44: STD-PNL | D44: 101 | E44: chị Mão - anh Cảnh | F44: 30/05/24 21:45 | G44: 31/05/24 09:11 | H44: 490000 | I44: 0 | J44: 490000 | K44: 0 | L44: 0 | M44: 0 | N44: 490000 | O44: 0 | P44: 0 | Q44: 0845302686 | T44: Booked_CTV | V44: CHECKOUT | W44: 58 | Y44: 490000 | Z44: 1
B45: 52 | C45: SUP-PNL | D45: 102 | E45: Guest | F45: 30/05/24 21:45 | G45: 31/05/24 09:11 | H45: 490000 | I45: 0 | J45: 490000 | K45: 0 | L45: 0 | M45: 0 | N45: 490000 | O45: 0 | P45: 0 | T45: Booked_CTV | V45: CHECKOUT | W45: 59 | Y45: 490000 | Z45: 1
B46: 20 | C46: STD-PNL | D46: 301 | E46: Kevin Smith | F46: 26/05/24 11:12 | G46: 31/05/24 11:00 | H46: 2475000 | I46: 0 | J46: 2475000 | K46: 0 | L46: 0 | M46: 0 | N46: 0 | O46: 2475000 | P46: 0 | T46: Booked_CTV | V46: CHECKOUT | W46: 20 | Y46: 495000 | Z46: 5
B47: 3 | C47: STD-PNL | D47: 401 | E47: 신 민석 | F47: 29/05/24 14:39 | G47: 01/06/24 12:00 | H47: 1246225 | I47: 0 | J47: 1246225 | K47: 0 | L47: 0 | M47: 0 | N47: 0 | O47: 1246225 | P47: 0 | Q47: 821026641117 | T47: ONLINE | V47: CHECKOUT | W47: 3 | X47: HMDKWHSKAM_LDCB1F | Y47: 415408.33 | Z47: 3
B48: 54 | C48: DELUXE-PNL | D48: 603 | E48: SUGIYAMA KOICHI | F48: 31/05/24 13:51 | G48: 01/06/24 12:07 | H48: 557000 | I48: 180000 | J48: 737000 | K48: 0 | L48: 0 | M48: 0 | N48: 0 | O48: 737000 | P48: 0 | Q48: 442039293737 | R48: 8l7mf2ygge@m.expediapartnercentral.com | T48: OTA | V48: CHECKOUT | W48: 61 | X48: 246444810_LDCB1F | Y48: 557000 | Z48: 1
B49: 44 | C49: SUP-PNL | D49: 202 | E49: Tran Quynh Quynh | F49: 30/05/24 21:46 | G49: 01/06/24 13:26 | H49: 1418000 | I49: 0 | J49: 1418000 | K49: 0 | L49: 0 | M49: 0 | N49: 1418000 | O49: 0 | P49: 0 | Q49: 0966157774 | T49: Booked_TA | V49: CHECKOUT | W49: 47 | Y49: 709000 | Z49: 2
B50: 40 | C50: STD-PNL | D50: 201 | E50: Nguyễn Anh Dũng | F50: 31/05/24 13:30 | G50: 02/06/24 08:06 | H50: 945000 | I50: 0 | J50: 945000 | K50: 0 | L50: 0 | M50: 0 | N50: 945000 | O50: 0 | P50: 0 | R50: A26hotel.btx@gmail.com | T50: Booked_CTV | V50: CHECKOUT | W50: 43 | Y50: 472500 | Z50: 2
B51: 58 | C51: STD-PNL | D51: 401 | E51: khách Hàn Quốc | F51: 01/06/24 12:25 | G51: 02/06/24 08:06 | H51: 580000 | I51: 0 | J51: 580000 | K51: 0 | L51: 580000 | M51: 0 | N51: 0 | O51: 0 | P51: 0 | T51: Booked_CTV | V51: CHECKOUT | W51: 65 | Y51: 580000 | Z51: 1
B52: 57 | C52: SUP-PNL | D52: 302 | E52: Thu Hương | F52: 31/05/24 13:21 | G52: 02/06/24 10:06 | H52: 1350000 | I52: 0 | J52: 1350000 | K52: 0 | L52: 0 | M52: 0 | N52: 1350000 | O52: 0 | P52: 0 | Q52: 0934585256 | T52: Booked_CTV | V52: CHECKOUT | W52: 64 | Y52: 675000 | Z52: 2
B53: 56 | C53: DELUXE-PNL | D53: 603 | E53: SUGIYAMA KOICHI | F53: 01/06/24 12:07 | G53: 02/06/24 10:07 | H53: 737486 | I53: 0 | J53: 737486 | K53: 0 | L53: 0 | M53: 0 | N53: 0 | O53: 737486 | P53: 0 | Q53: 442039293737 | R53: gx10qybs5y@m.expediapartnercentral.com | T53: OTA | V53: CHECKOUT | W53: 63 | X53: 246831736_LDCB1F | Y53: 737486 | Z53: 1
B54: 59 | C54: SUP-Q-PNL | D54: 502 | E54: Hiếu Minh | F54: 01/06/24 14:56 | G54: 02/06/24 11:00 | H54: 584000 | I54: 0 | J54: 584000 | K54: 0 | L54: 0 | M54: 0 | N54: 584000 | O54: 0 | P54: 0 | Q54: 0772685784 | T54: Booked_TA | V54: CHECKOUT | W54: 66 | Y54: 584000 | Z54: 1
B55: 50 | C55: STD-PNL | D55: 101 | E55: Lê Nguyễn Phương Anh | F55: 31/05/24 15:36 | G55: 02/06/24 11:00 | H55: 1168000 | I55: 30000 | J55: 1198000 | K55: 0 | L55: 30000 | M55: 0 | N55: 1168000 | O55: 0 | P55: 0 | Q55: 0978106251 | T55: Booked_CTV | V55: CHECKOUT | W55: 55 | Y55: 584000 | Z55: 2
B56: 38 | C56: STD-PNL | D56: 501 | E56: Trần Minh Hoàng | F56: 01/06/24 14:07 | G56: 02/06/24 11:01 | H56: 649000 | I56: 0 | J56: 584100 | K56: 0 | L56: 334100 | M56: 0 | N56: 250000 | O56: 0 | P56: 0 | Q56: +84327151474 | R56: tranmh1997@gmail.com | T56: ONLINE | V56: CHECKOUT | W56: 41 | X56: 12584485837 | Y56: 649000 | Z56: 1
B57: 47 | C57: STD-PNL | D57: 301 | E57: Đường Huy | F57: 01/06/24 16:48 | G57: 02/06/24 13:17 | H57: 849000 | I57: 0 | J57: 784100 | K57: 0 | L57: 0 | M57: 0 | N57: 584100 | O57: 200000 | P57: 0 | Q57: +84398864949 | R57: huyphucpu@gmail.com | T57: ONLINE | V57: CHECKOUT | W57: 52 | X57: 49875093153 | Y57: 849000 | Z57: 1
B58: 64 | C58: SUP-PNL | D58: 102 | E58: Trần Nhung | F58: 02/06/24 11:51 | G58: 02/06/24 14:56 | H58: 479000 | I58: 0 | J58: 479000 | K58: 0 | L58: 0 | M58: 0 | N58: 479000 | O58: 0 | P58: 0 | Q58: 0909551027 | T58: Booked_CTV | V58: CHECKOUT | W58: 71 | Y58: 479000 | Z58: 1
B59: 66 | C59: STD-PNL | D59: 401 | E59: Anh Nguyen | F59: 02/06/24 17:58 | G59: 02/06/24 21:11 | H59: 400000 | I59: 0 | J59: 400000 | K59: 0 | L59: 0 | M59: 0 | N59: 400000 | O59: 0 | P59: 0 | Q59: 0395221760 | T59: Booked_CTV | V59: CHECKOUT | W59: 73 | Y59: 400000 | Z59: 1
B60: 65 | C60: STD-PNL | D60: 601 | E60: Tấn Phúc | F60: 02/06/24 17:27 | G60: 03/06/24 11:00 | H60: 494000 | I60: 39000 | J60: 533000 | K60: 0 | L60: 0 | M60: 0 | N60: 533000 | O60: 0 | P60: 0 | Q60: 0902542119 | T60: Booked_CTV | V60: CHECKOUT | W60: 72 | Y60: 494000 | Z60: 1
B61: 63 | C61: SUP-Q-PNL | D61: 602 | E61: Brauer Emely | F61: 02/06/24 09:46 | G61: 03/06/24 11:00 | H61: 498782 | I61: 0 | J61: 498782 | K61: 0 | L61: 0 | M61: 0 | N61: 0 | O61: 498782 | P61: 0 | Q61: 491772270967 | T61: ONLINE | V61: CHECKOUT | W61: 70 | X61: HMSFZPR3TH_LDCB1F | Y61: 498782 | Z61: 1
B62: 70 | C62: DELUXE-PNL | D62: 303 | E62: Nguyên Hải | F62: 03/06/24 13:08 | G62: 03/06/24 17:00 | H62: 649000 | I62: 58000 | J62: 707000 | K62: 0 | L62: 0 | M62: 0 | N62: 707000 | O62: 0 | P62: 0 | Q62: 0932720793 | T62: Booked_CTV | V62: CHECKOUT | W62: 77 | Y62: 649000 | Z62: 1
B63: 45 | C63: SUP-Q-PNL | D63: 502 | E63: Guest | F63: 04/06/24 09:54 | G63: 05/06/24 11:00 | H63: 905000 | I63: 0 | J63: 905000 | K63: 0 | L63: 0 | M63: 0 | N63: 905000 | O63: 0 | P63: 0 | T63: Booked_CTV | V63: CHECKOUT | W63: 48 | Y63: 905000 | Z63: 1
B64: 45 | C64: STD-PNL | D64: 501 | E64: Nguyễn Thanh Hiền | F64: 04/06/24 09:54 | G64: 05/06/24 11:00 | H64: 735000 | I64: 138000 | J64: 873000 | K64: 0 | L64: 138000 | M64: 0 | N64: 735000 | O64: 0 | P64: 0 | T64: Booked_CTV | V64: CHECKOUT | W64: 49 | Y64: 735000 | Z64: 1
B65: 45 | C65: DELUXE-PNL | D65: 503 | E65: Guest | F65: 04/06/24 09:54 | G65: 05/06/24 11:00 | H65: 1207000 | I65: 0 | J65: 1207000 | K65: 0 | L65: 0 | M65: 0 | N65: 1207000 | O65: 0 | P65: 0 | T65: Booked_CTV | V65: CHECKOUT | W65: 50 | Y65: 1207000 | Z65: 1
B66: 75 | C66: SUP-PNL | D66: 202 | E66: Guest | F66: 04/06/24 16:32 | G66: 05/06/24 11:00 | H66: 585000 | I66: 0 | J66: 585000 | K66: 0 | L66: 0 | M66: 0 | N66: 585000 | O66: 0 | P66: 0 | T66: Booked_CTV | V66: CHECKOUT | W66: 83 | Y66: 585000 | Z66: 1
B67: 79 | C67: DELUXE-PNL | D67: 303 | E67: Trần Đức Huy | F67: 05/06/24 01:23 | G67: 05/06/24 14:33 | H67: 890000 | I67: 0 | J67: 890000 | K67: 0 | L67: 0 | M67: 0 | N67: 890000 | O67: 0 | P67: 0 | T67: Booked_CTV | V67: CHECKOUT | W67: 88 | Y67: 890000 | Z67: 1
B68: 77 | C68: STD-PNL | D68: 601 | E68: Brian Lam | F68: 04/06/24 20:01 | G68: 05/06/24 14:59 | H68: 735000 | I68: 0 | J68: 735000 | K68: 0 | L68: 0 | M68: 0 | N68: 735000 | O68: 0 | P68: 0 | Q68: 0917791794 | T68: Booked_CTV | V68: CHECKOUT | W68: 86 | Y68: 735000 | Z68: 1
B69: 75 | C69: SUP-PNL | D69: 102 | E69: Nguyễn Thị Ngọc Trâm | F69: 04/06/24 16:33 | G69: 06/06/24 09:28 | H69: 1170000 | I69: 40000 | J69: 1210000 | K69: 0 | L69: 640000 | M69: 0 | N69: 570000 | O69: 0 | P69: 0 | Q69: 0898071063 | S69: 321505748 | T69: Booked_CTV | V69: CHECKOUT | W69: 84 | Y69: 585000 | Z69: 2
B70: 83 | C70: SUP-Q-PNL | D70: 502 | E70: Lê Thuỳ Dương | F70: 06/06/24 00:37 | G70: 06/06/24 11:00 | H70: 620000 | I70: 0 | J70: 620000 | K70: 0 | L70: 0 | M70: 0 | N70: 620000 | O70: 0 | P70: 0 | T70: Booked_CTV | V70: CHECKOUT | W70: 93 | Y70: 620000 | Z70: 1
B71: 60 | C71: SUP-PNL | D71: 302 | E71: NEGRI Julien | F71: 02/06/24 11:26 | G71: 06/06/24 11:04 | H71: 2168555 | I71: 20000 | J71: 2188555 | K71: 0 | L71: 20000 | M71: 0 | N71: 0 | O71: 2168555 | P71: 0 | Q71: +33 6 11 80 97 83 | R71: jnegri.116685@guest.booking.com | T71: ONLINE | V71: CHECKOUT | W71: 67 | X71: 4770475850_LDCB1F | Y71: 542138.75 | Z71: 4
B72: 89 | C72: SUP-PNL | D72: 302 | E72: Qui | F72: 06/06/24 21:56 | G72: 07/06/24 09:32 | H72: 585000 | I72: 0 | J72: 585000 | K72: 0 | L72: 585000 | M72: 0 | N72: 0 | O72: 0 | P72: 0 | Q72: 0869222364 | T72: Booked_CTV | V72: CHECKOUT | W72: 99 | Y72: 585000 | Z72: 1
B73: 93 | C73: SUP-PNL | D73: 402 | E73: Minh Quân | F73: 07/06/24 00:03 | G73: 07/06/24 09:33 | H73: 585000 | I73: 0 | J73: 585000 | K73: 0 | L73: 0 | M73: 0 | N73: 0 | O73: 585000 | P73: 0 | Q73: 0776306800 | T73: Booked_CTV | V73: CHECKOUT | W73: 104 | Y73: 585000 | Z73: 1
B74: 69 | C74: STD-PNL | D74: 501 | E74: Ngọc Uyên | F74: 06/06/24 17:43 | G74: 07/06/24 09:35 | H74: 495000 | I74: 150000 | J74: 645000 | K74: 0 | L74: 0 | M74: 0 | N74: 645000 | O74: 0 | P74: 0 | Q74: 0899968619 | T74: Booked_CTV | V74: CHECKOUT | W74: 76 | Y74: 495000 | Z74: 1
B75: 71 | C75: STD-PNL | D75: 401 | E75: Guest | F75: 04/06/24 13:08 | G75: 07/06/24 11:00 | H75: 1480000 | I75: 0 | J75: 1480000 | K75: 0 | L75: 0 | M75: 0 | N75: 1480000 | O75: 0 | P75: 0 | T75: Booked_CTV | V75: CHECKOUT | W75: 78 | Y75: 493333.33 | Z75: 3
B76: 71 | C76: STD-PNL | D76: 301 | E76: Trieu Le | F76: 04/06/24 13:08 | G76: 07/06/24 11:00 | H76: 1480000 | I76: 0 | J76: 1480000 | K76: 0 | L76: 1000000 | M76: 0 | N76: 480000 | O76: 0 | P76: 0 | T76: Booked_CTV | V76: CHECKOUT | W76: 79 | Y76: 493333.33 | Z76: 3
B77: 86 | C77: SUP-Q-PNL | D77: 502 | E77: Berge Tommy | F77: 06/06/24 16:51 | G77: 07/06/24 11:00 | H77: 444960 | I77: 0 | J77: 444960 | K77: 0 | L77: 0 | M77: 0 | N77: 0 | O77: 444960 | P77: 0 | Q77: 84 0800092944 | T77: ONLINE | V77: CHECKOUT | W77: 96 | X77: 1291209829_LDCB1F | Y77: 444960 | Z77: 1
B78: 92 | C78: DELUXE-PNL | D78: 403 | E78: Trong Hieu | F78: 06/06/24 23:38 | G78: 07/06/24 11:00 | H78: 809000 | I78: 0 | J78: 809000 | K78: 0 | L78: 0 | M78: 0 | N78: 0 | O78: 809000 | P78: 0 | Q78: 0933906103 | T78: Booked_CTV | V78: CHECKOUT | W78: 103 | Y78: 809000 | Z78: 1
B79: 82 | C79: STD-PNL | D79: 601 | E79: Trần Quỳnh Như | F79: 06/06/24 16:34 | G79: 07/06/24 15:38 | H79: 549000 | I79: 0 | J79: 494100 | K79: 0 | L79: 94100 | M79: 0 | N79: 400000 | O79: 0 | P79: 0 | T79: ONLINE | V79: CHECKOUT | W79: 92 | X79: 05564381973 | Y79: 549000 | Z79: 1
B80: 82 | C80: STD-PNL | D80: 201 | E80: Trần Quỳnh Như | F80: 06/06/24 16:34 | G80: 07/06/24 15:38 | H80: 549000 | I80: 0 | J80: 494100 | K80: 0 | L80: 494100 | M80: 0 | N80: 0 | O80: 0 | P80: 0 | Q80: +84858802412 | R80: qt17876@gmail.com | S80: 091304003593 | T80: ONLINE | V80: CHECKOUT | W80: 91 | X80: 05564381973 | Y80: 549000 | Z80: 1
B81: 97 | C81: STD-PNL | D81: 601 | E81: Trần Quỳnh Như | F81: 07/06/24 15:42 | G81: 08/06/24 08:25 | H81: 550000 | I81: 0 | J81: 550000 | K81: 0 | L81: 550000 | M81: 0 | N81: 0 | O81: 0 | P81: 0 | Q81: +84858802412 | R81: qt17876@gmail.com | S81: 091304003593 | T81: Booked_CTV | V81: CHECKOUT | W81: 109 | Y81: 550000 | Z81: 1
B82: 87 | C82: DELUXE-PNL | D82: 503 | E82: Hà Thị Thu Hiền | F82: 06/06/24 13:04 | G82: 08/06/24 08:26 | H82: 1600000 | I82: 0 | J82: 1600000 | K82: 0 | L82: 1600000 | M82: 0 | N82: 0 | O82: 0 | P82: 0 | Q82: 0964961998 | T82: Booked_CTV | V82: CHECKOUT | W82: 97 | Y82: 800000 | Z82: 2
B83: 94 | C83: SUP-PNL | D83: 102 | E83: Berge Tommy | F83: 07/06/24 14:31 | G83: 08/06/24 11:00 | H83: 525600 | I83: 0 | J83: 525600 | K83: 0 | L83: 0 | M83: 0 | N83: 0 | O83: 525600 | P83: 0 | Q83: 84 0800092944 | T83: ONLINE | V83: CHECKOUT | W83: 105 | X83: 1258437480_LDCB1F | Y83: 525600 | Z83: 1
B84: 80 | C84: SUP-Q-PNL | D84: 602 | E84: Brauer Emely | F84: 06/06/24 14:42 | G84: 08/06/24 13:02 | H84: 1069034 | I84: 0 | J84: 1069034 | K84: 0 | L84: 0 | M84: 0 | N84: 0 | O84: 1069034 | P84: 0 | Q84: 491772270967 | T84: ONLINE | V84: CHECKOUT | W84: 89 | X84: HMMSBWZHH5_LDCB1F | Y84: 534517 | Z84: 2
B85: 102 | C85: DELUXE-PNL | D85: 203 | E85: Nguyễn Lan Anh | F85: 08/06/24 13:08 | G85: 08/06/24 15:07 | H85: 450000 | I85: 0 | J85: 450000 | K85: 0 | L85: -50000 | M85: 0 | N85: 500000 | O85: 0 | P85: 0 | T85: Booked_CTV | V85: CHECKOUT | W85: 116 | Y85: 450000 | Z85: 1
B86: 105 | C86: SUP-Q-PNL | D86: 502 | E86: Trần Văn Chính | F86: 08/06/24 14:57 | G86: 08/06/24 17:00 | H86: 350000 | I86: 0 | J86: 350000 | K86: 0 | L86: 350000 | M86: 0 | N86: 0 | O86: 0 | P86: 0 | T86: Booked_CTV | V86: CHECKOUT | W86: 119 | Y86: 350000 | Z86: 1
B87: 101 | C87: STD-PNL | D87: 501 | E87: Phan Vỹ | F87: 08/06/24 11:45 | G87: 09/06/24 08:15 | H87: 580000 | I87: 0 | J87: 580000 | K87: 0 | L87: 0 | M87: 0 | N87: 580000 | O87: 0 | P87: 0 | Q87: 0868340906 | T87: Booked_CTV | V87: CHECKOUT | W87: 115 | Y87: 580000 | Z87: 1
B88: 99 | C88: DELUXE-PNL | D88: 303 | E88: Tuấn | F88: 08/06/24 11:45 | G88: 09/06/24 08:17 | H88: 800000 | I88: 0 | J88: 800000 | K88: 0 | L88: 400000 | M88: 0 | N88: 400000 | O88: 0 | P88: 0 | T88: Booked_CTV | V88: CHECKOUT | W88: 113 | Y88: 800000 | Z88: 1
B89: 96 | C89: STD-PNL | D89: 301 | E89: Lê Gia Khánh | F89: 08/06/24 12:32 | G89: 09/06/24 08:43 | H89: 585000 | I89: 19000 | J89: 604000 | K89: 0 | L89: 19000 | M89: 0 | N89: 585000 | O89: 0 | P89: 0 | Q89: 0849457828 | T89: Booked_CTV | V89: CHECKOUT | W89: 108 | Y89: 585000 | Z89: 1
B90: 103 | C90: SUP-PNL | D90: 302 | E90: Nguyễn Tấn Huy Anh | F90: 08/06/24 12:33 | G90: 09/06/24 10:50 | H90: 585000 | I90: 0 | J90: 585000 | K90: 0 | L90: 0 | M90: 0 | N90: 585000 | O90: 0 | P90: 0 | Q90: 0977305193 | T90: Booked_CTV | V90: CHECKOUT | W90: 117 | Y90: 585000 | Z90: 1
B91: 107 | C91: STD-PNL | D91: 101 | E91: Nguyễn Phùng Duy Anh | F91: 09/06/24 11:42 | G91: 09/06/24 14:41 | H91: 410000 | I91: 20000 | J91: 430000 | K91: 0 | L91: 0 | M91: 0 | N91: 430000 | O91: 0 | P91: 0 | Q91: 0778954648 | S91: 093098000014 | T91: Booked_CTV | V91: CHECKOUT | W91: 123 | Y91: 410000 | Z91: 1
B92: 74 | C92: DELUXE-PNL | D92: 503 | E92: _bnleh | F92: 08/06/24 14:37 | G92: 09/06/24 14:57 | H92: 1139000 | I92: 160000 | J92: 1299000 | K92: 0 | L92: 0 | M92: 0 | N92: 1299000 | O92: 0 | P92: 0 | Q92: 0967670374 | T92: Booked_CTV | V92: CHECKOUT | W92: 82 | Y92: 1139000 | Z92: 1
B93: 78 | C93: STD-PNL | D93: 301 | E93: Thanh Thúy | F93: 09/06/24 21:10 | G93: 09/06/24 21:11 | H93: 300000 | I93: 0 | J93: 300000 | K93: 0 | L93: 0 | M93: 0 | N93: 300000 | O93: 0 | P93: 0 | T93: Booked_CTV | V93: CHECKOUT | W93: 87 | Y93: 300000 | Z93: 1
B94: 111 | C94: STD-PNL | D94: 301 | E94: Mai Văn Nguyên | F94: 09/06/24 21:43 | G94: 10/06/24 08:17 | H94: 495000 | I94: 0 | J94: 495000 | K94: 0 | L94: 0 | M94: 0 | N94: 495000 | O94: 0 | P94: 0 | Q94: 0974910889 | T94: Booked_CTV | V94: CHECKOUT | W94: 129 | Y94: 495000 | Z94: 1
B95: 100 | C95: DELUXE-PNL | D95: 403 | E95: chị Trang founder | F95: 07/06/24 22:32 | G95: 10/06/24 08:36 | H95: 0 | I95: 0 | J95: 0 | K95: 0 | L95: 0 | M95: 0 | N95: 0 | O95: 0 | P95: 0 | Q95: 0904490031 | T95: Công ty | V95: CHECKOUT | W95: 114 | Y95: 0 | Z95: 3
B96: 76 | C96: SUP-Q-PNL | D96: 602 | E96: Mio | F96: 09/06/24 14:21 | G96: 10/06/24 10:01 | H96: 629100 | I96: 0 | J96: 629100 | K96: 0 | L96: 329100 | M96: 0 | N96: 300000 | O96: 0 | P96: 0 | Q96: 0967215343 | T96: Booked_CTV | V96: CHECKOUT | W96: 85 | Y96: 629100 | Z96: 1
B97: 109 | C97: STD-PNL | D97: 501 | E97: Hồ Văn Cường | F97: 09/06/24 18:33 | G97: 10/06/24 11:00 | H97: 495000 | I97: 0 | J97: 495000 | K97: 0 | L97: 0 | M97: 0 | N97: 495000 | O97: 0 | P97: 0 | Q97: 0587623098 | T97: Booked_CTV | V97: CHECKOUT | W97: 127 | Y97: 495000 | Z97: 1
B98: 113 | C98: SUP-Q-PNL | D98: 502 | E98: 한 홍수 | F98: 10/06/24 14:08 | G98: 11/06/24 08:28 | H98: 489485 | I98: 65000 | J98: 554485 | K98: 0 | L98: 65000 | M98: 0 | N98: 0 | O98: 489485 | P98: 0 | Q98: 821034397777 | T98: ONLINE | V98: CHECKOUT | W98: 131 | X98: HMW8NJJ3AR_LDCB1F | Y98: 489485 | Z98: 1
B99: 90 | C99: STD-PNL | D99: 601 | E99: Thanh Mai Nguyen | F99: 09/06/24 08:16 | G99: 11/06/24 08:28 | H99: 1550001 | I99: 0 | J99: 1550001 | K99: 0 | L99: 0 | M99: 0 | N99: 1550001 | O99: 0 | P99: 0 | Q99: 0936259514 | T99: Booked_CTV | V99: CHECKOUT | W99: 100 | Y99: 775000.5 | Z99: 2
B100: 85 | C100: DELUXE-PNL | D100: 603 | E100: Adamos Costas | F100: 06/06/24 13:04 | G100: 11/06/24 08:28 | H100: 4225000 | I100: 0 | J100: 4225000 | K100: 0 | L100: 4225000 | M100: 0 | N100: 0 | O100: 0 | P100: 0 | T100: Booked_CTV | V100: CHECKOUT | W100: 95 | Y100: 845000 | Z100: 5
B101: 117 | C101: DELUXE-PNL | D101: 503 | E101: Cao Tiến Hùng | F101: 10/06/24 21:15 | G101: 11/06/24 08:29 | H101: 449000 | I101: 0 | J101: 449000 | K101: 0 | L101: 449000 | M101: 0 | N101: 0 | O101: 0 | P101: 0 | T101: Booked_CTV | V101: CHECKOUT | W101: 135 | Y101: 449000 | Z101: 1
B102: 84 | C102: STD-PNL | D102: 401 | E102: Ngân Kim | F102: 08/06/24 12:33 | G102: 11/06/24 09:51 | H102: 1565000 | I102: 199000 | J102: 1764000 | K102: 0 | L102: 1264000 | M102: 0 | N102: 500000 | O102: 0 | P102: 0 | Q102: 0978969605 | T102: Booked_CTV | V102: CHECKOUT | W102: 94 | Y102: 521666.67 | Z102: 3
...

Sheet Chi tiết1
A1: Chi tiết về Trung bình của Giá trung bình - Nguồn: Booked_CTV
A3: Mã đặt phòng | B3: Loại phòng | C3: Tên phòng | D3: Tên khách | E3: Ngày đến | F3: Ngày đi | G3: Tiền phòng | H3: Dịch vụ | I3: Tổng doanh thu | J3: Nợ trước | K3: Tiền mặt | L3: Thẻ tín dụng | M3: Chuyển khoản | N3: Công nợ | O3: Còn thiếu | P3: SĐT | Q3: Email | R3: CMND/Hộ chiếu | S3: Nguồn | T3: Thị trường | U3: Trạng thái | V3: Số hóa đơn | W3: Mã CMS | X3: Giá trung bình | Y3: Số đêm
A4: 719 | B4: STD-PNL | C4: 401 | D4: Hằng Nguyễn | E4: 04/10/24 16:08 | F4: 08/10/24 11:00 | G4: 1908000 | H4: 0 | I4: 1908000 | J4: 0 | K4: 0 | L4: 0 | M4: 1908000 | N4: 0 | O4: 0 | P4: 0348514486 | Q4: Nguyenhanghd293@gmail.com | S4: Booked_CTV | U4: CHECKOUT | V4: 848 | X4: 477000 | Y4: 4
A5: 9 | B5: DELUXE-PNL | C5: 303 | D5: Kayden | E5: 24/05/24 21:00 | F5: 25/05/24 08:59 | G5: 449000 | H5: 0 | I5: 449000 | J5: 0 | K5: 449000 | L5: 0 | M5: 0 | N5: 0 | O5: 0 | S5: Booked_CTV | U5: CHECKOUT | V5: 9 | X5: 449000 | Y5: 1
A6: 715 | B6: STD-PNL | C6: 201 | D6: Hoàng Thị Anh | E6: 04/10/24 14:00 | F6: 07/10/24 08:27 | G6: 1752000 | H6: 0 | I6: 1752000 | J6: 0 | K6: 0 | L6: 0 | M6: 1752000 | N6: 0 | O6: 0 | P6: 0365170622 | R6: 038197002282 | S6: Booked_CTV | U6: CHECKOUT | V6: 844 | X6: 584000 | Y6: 3
A7: 716 | B7: SUP-PNL | C7: 202 | D7: Liên | E7: 04/10/24 19:39 | F7: 06/10/24 08:02 | G7: 1066000 | H7: 0 | I7: 1066000 | J7: 0 | K7: 532000 | L7: 0 | M7: 534000 | N7: 0 | O7: 0 | P7: 0914660204 | Q7: Baotranphamvu@gmail.com | S7: Booked_CTV | U7: CHECKOUT | V7: 845 | X7: 533000 | Y7: 2
A8: 16 | B8: DELUXE-PNL | C8: 303 | D8: NG | E8: 25/05/24 15:04 | F8: 25/05/24 17:24 | G8: 449000 | H8: 0 | I8: 449000 | J8: 0 | K8: 0 | L8: 0 | M8: 449000 | N8: 0 | O8: 0 | S8: Booked_CTV | U8: CHECKOUT | V8: 16 | X8: 449000 | Y8: 1
A9: 14 | B9: SUP-PNL | C9: 302 | D9: Đào Ngọc Mạnh | E9: 25/05/24 15:04 | F9: 25/05/24 18:42 | G9: 469000 | H9: 19000 | I9: 488000 | J9: 0 | K9: 19000 | L9: 0 | M9: 469000 | N9: 0 | O9: 0 | S9: Booked_CTV | U9: CHECKOUT | V9: 14 | X9: 469000 | Y9: 1
A10: 717 | B10: STD-PNL | C10: 301 | D10: Thảo Quyên | E10: 04/10/24 12:28 | F10: 04/10/24 17:16 | G10: 529000 | H10: 0 | I10: 529000 | J10: 0 | K10: 0 | L10: 0 | M10: 529000 | N10: 0 | O10: 0 | P10: 0938143339 | Q10: quyencntuk@gmail.com | S10: Booked_CTV | U10: CHECKOUT | V10: 846 | X10: 529000 | Y10: 1
A11: 8 | B11: SUP-Q-PNL | C11: 502 | D11: ASPA Baptiste | E11: 24/05/24 19:03 | F11: 26/05/24 08:35 | G11: 1530000 | H11: 0 | I11: 1530000 | J11: 0 | K11: 0 | L11: 0 | M11: 0 | N11: 1530000 | O11: 0 | S11: Booked_CTV | U11: CHECKOUT | V11: 8 | X11: 765000 | Y11: 2
A12: 718 | B12: STD-PNL | C12: 101 | D12: Kim | E12: 04/10/24 11:17 | F12: 04/10/24 12:31 | G12: 470000 | H12: 0 | I12: 470000 | J12: 0 | K12: 0 | L12: 0 | M12: 470000 | N12: 0 | O12: 0 | S12: Booked_CTV | U12: CHECKOUT | V12: 847 | X12: 470000 | Y12: 1
A13: 15 | B13: STD-PNL | C13: 401 | D13: Lý Minh Trí | E13: 25/05/24 14:16 | F13: 26/05/24 10:06 | G13: 580000 | H13: 0 | I13: 580000 | J13: 0 | K13: 580000 | L13: 0 | M13: 0 | N13: 0 | O13: 0 | P13: 0932829180 | S13: Booked_CTV | U13: CHECKOUT | V13: 15 | X13: 580000 | Y13: 1
A14: 713 | B14: DELUXE-PNL | C14: 103 | D14: Sơn Thị Lệ Hoa | E14: 03/10/24 17:11 | F14: 04/10/24 12:00 | G14: 700000 | H14: 0 | I14: 700000 | J14: 0 | K14: 700000 | L14: 0 | M14: 0 | N14: 0 | O14: 0 | S14: Booked_CTV | U14: CHECKOUT | V14: 842 | X14: 700000 | Y14: 1
A15: 17 | B15: SUP-Q-PNL | C15: 602 | D15: Russell | E15: 25/05/24 18:38 | F15: 26/05/24 11:00 | G15: 700000 | H15: 0 | I15: 700000 | J15: 0 | K15: 0 | L15: 0 | M15: 0 | N15: 700000 | O15: 0 | S15: Booked_CTV | U15: CHECKOUT | V15: 17 | X15: 700000 | Y15: 1
A16: 19 | B16: STD-PNL | C16: 201 | D16: Quỳnh Như | E16: 25/05/24 22:35 | F16: 26/05/24 16:00 | G16: 825000 | H16: 0 | I16: 825000 | J16: 0 | K16: 240000 | L16: 0 | M16: 585000 | N16: 0 | O16: 0 | P16: 0333038479 | S16: Booked_CTV | U16: CHECKOUT | V16: 19 | X16: 825000 | Y16: 1
A17: 697 | B17: SUP-PNL | C17: 402 | D17: Win Win Hla | E17: 01/10/24 17:39 | F17: 03/10/24 11:00 | G17: 1120000 | H17: 0 | I17: 1120000 | J17: 0 | K17: 1120000 | L17: 0 | M17: 0 | N17: 0 | O17: 0 | R17: MH099884 | S17: Booked_CTV | U17: CHECKOUT | V17: 825 | X17: 560000 | Y17: 2
A18: 23 | B18: DELUXE-PNL | C18: 603 | D18: Lê Văn Thấu | E18: 26/05/24 19:44 | F18: 27/05/24 11:00 | G18: 585000 | H18: 0 | I18: 555000 | J18: 0 | K18: 0 | L18: 0 | M18: 555000 | N18: 0 | O18: 0 | R18: 038050003261 | S18: Booked_CTV | U18: CHECKOUT | V18: 24 | X18: 585000 | Y18: 1
A19: 710 | B19: SUP-PNL | C19: 202 | D19: TRẦN QUỐC BẢO | E19: 03/10/24 08:51 | F19: 03/10/24 09:19 | G19: 525000 | H19: 0 | I19: 525000 | J19: 0 | K19: 525000 | L19: 0 | M19: 0 | N19: 0 | O19: 0 | P19: 0586534570 | S19: Booked_CTV | U19: CHECKOUT | V19: 838 | X19: 525000 | Y19: 1
A20: 10 | B20: SUP-PNL | C20: 402 | D20: Linh Đan | E20: 25/05/24 15:34 | F20: 27/05/24 11:30 | G20: 2042000 | H20: 200000 | I20: 2242000 | J20: 0 | K20: 1570000 | L20: 0 | M20: 672000 | N20: 0 | O20: 0 | P20: 0989838633 | S20: Booked_CTV | U20: CHECKOUT | V20: 10 | X20: 1021000 | Y20: 2
A21: 709 | B21: STD-PNL | C21: 301 | D21: TRẦN LÊ LỰU | E21: 02/10/24 20:08 | F21: 02/10/24 20:47 | G21: 350000 | H21: 0 | I21: 350000 | J21: 0 | K21: 350000 | L21: 0 | M21: 0 | N21: 0 | O21: 0 | S21: Booked_CTV | U21: CHECKOUT | V21: 837 | X21: 350000 | Y21: 1
A22: 707 | B22: STD-PNL | C22: 401 | D22: Minh | E22: 02/10/24 12:42 | F22: 02/10/24 15:14 | G22: 410000 | H22: 40000 | I22: 450000 | J22: 0 | K22: 450000 | L22: 0 | M22: 0 | N22: 0 | O22: 0 | S22: Booked_CTV | U22: CHECKOUT | V22: 835 | X22: 410000 | Y22: 1
A23: 23 | B23: STD-PNL | C23: 601 | D23: Lê Ngọc Long | E23: 26/05/24 19:44 | F23: 28/05/24 09:34 | G23: 990000 | H23: 0 | I23: 990000 | J23: 0 | K23: 0 | L23: 0 | M23: 990000 | N23: 0 | O23: 0 | P23: 0947865604 | R23: 038200032687 | S23: Booked_CTV | U23: CHECKOUT | V23: 23 | X23: 495000 | Y23: 2
A24: 700 | B24: STD-PNL | C24: 501 | D24: Dương Thiên Vũ | E24: 29/09/24 13:52 | F24: 02/10/24 09:13 | G24: 1437000 | H24: 0 | I24: 1437000 | J24: 0 | K24: 0 | L24: 0 | M24: 1437000 | N24: 0 | O24: 0 | S24: Booked_CTV | U24: CHECKOUT | V24: 828 | X24: 479000 | Y24: 3
A25: 24 | B25: SUP-PNL | C25: 402 | D25: phạm uyên thuỳ | E25: 27/05/24 14:33 | F25: 29/05/24 11:00 | G25: 1173334 | H25: 29000 | I25: 1202334 | J25: 0 | K25: 29000 | L25: 0 | M25: 1173334 | N25: 0 | O25: 0 | P25: 0849127979 | S25: Booked_CTV | U25: CHECKOUT | V25: 26 | X25: 586667 | Y25: 2
A26: 25 | B26: STD-PNL | C26: 401 | D26: Phan thị trang | E26: 26/05/24 23:40 | F26: 29/05/24 11:00 | G26: 1485000 | H26: 0 | I26: 1485000 | J26: 0 | K26: 0 | L26: 0 | M26: 1485000 | N26: 0 | O26: 0 | P26: 0935954348 | S26: Booked_CTV | U26: CHECKOUT | V26: 28 | X26: 495000 | Y26: 3
A27: 32 | B27: DELUXE-PNL | C27: 303 | D27: Tran huu Duc | E27: 28/05/24 17:12 | F27: 29/05/24 11:00 | G27: 899000 | H27: 0 | I27: 899000 | J27: 0 | K27: 0 | L27: 0 | M27: 899000 | N27: 0 | O27: 0 | P27: +84 90 417 97 79 | S27: Booked_CTV | U27: CHECKOUT | V27: 35 | X27: 899000 | Y27: 1
A28: 704 | B28: DELUXE-PNL | C28: 203 | D28: Hậu | E28: 01/10/24 18:37 | F28: 02/10/24 08:28 | G28: 760000 | H28: 0 | I28: 760000 | J28: 0 | K28: 0 | L28: 0 | M28: 760000 | N28: 0 | O28: 0 | S28: Booked_CTV | U28: CHECKOUT | V28: 832 | X28: 760000 | Y28: 1
A29: 706 | B29: STD-PNL | C29: 401 | D29: Nguyễn Thị Hoài Thương | E29: 01/10/24 18:46 | F29: 02/10/24 08:27 | G29: 494000 | H29: 0 | I29: 494000 | J29: 0 | K29: 0 | L29: 0 | M29: 494000 | N29: 0 | O29: 0 | S29: Booked_CTV | U29: CHECKOUT | V29: 834 | X29: 494000 | Y29: 1
A30: 39 | B30: STD-PNL | C30: 101 | D30: Nguyễn Trung Kiên | E30: 28/05/24 23:35 | F30: 29/05/24 12:00 | G30: 400000 | H30: 0 | I30: 400000 | J30: 0 | K30: 0 | L30: 0 | M30: 400000 | N30: 0 | O30: 0 | P30: 0336280281 | S30: Booked_CTV | U30: CHECKOUT | V30: 42 | X30: 400000 | Y30: 1
A31: 24 | B31: SUP-Q-PNL | C31: 602 | D31: phạm uyên thuỳ | E31: 27/05/24 14:33 | F31: 29/05/24 17:35 | G31: 1833334 | H31: 0 | I31: 1833334 | J31: 0 | K31: 580000 | L31: 0 | M31: 1253334 | N31: 0 | O31: 0 | P31: 0849127979 | S31: Booked_CTV | U31: CHECKOUT | V31: 27 | X31: 916667 | Y31: 2
A32: 24 | B32: SUP-Q-PNL | C32: 502 | D32: phạm uyên thuỳ | E32: 27/05/24 14:33 | F32: 29/05/24 17:36 | G32: 1833332 | H32: 0 | I32: 1833332 | J32: 0 | K32: 580000 | L32: 0 | M32: 1253332 | N32: 0 | O32: 0 | P32: 0849127979 | S32: Booked_CTV | U32: CHECKOUT | V32: 25 | X32: 916666 | Y32: 2
A33: 43 | B33: SUP-PNL | C33: 202 | D33: Nguyễn Thương | E33: 29/05/24 14:53 | F33: 29/05/24 17:38 | G33: 400000 | H33: 0 | I33: 400000 | J33: 0 | K33: 0 | L33: 0 | M33: 400000 | N33: 0 | O33: 0 | P33: 0912465699 | S33: Booked_CTV | U33: CHECKOUT | V33: 46 | X33: 400000 | Y33: 1
A34: 35 | B34: STD-PNL | C34: 601 | D34: Huỳnh Tuấn Kiệt | E34: 28/05/24 17:05 | F34: 30/05/24 08:06 | G34: 990000 | H34: 0 | I34: 990000 | J34: 0 | K34: 495000 | L34: 0 | M34: 495000 | N34: 0 | O34: 0 | P34: 0914787909 | S34: Booked_CTV | U34: CHECKOUT | V34: 38 | X34: 495000 | Y34: 2
A35: 37 | B35: SUP-PNL | C35: 102 | D35: Trần Thị Tường Vi | E35: 28/05/24 18:59 | F35: 30/05/24 10:57 | G35: 1100000 | H35: 0 | I35: 1100000 | J35: 0 | K35: 1100000 | L35: 0 | M35: 0 | N35: 0 | O35: 0 | S35: Booked_CTV | U35: CHECKOUT | V35: 40 | X35: 550000 | Y35: 2
A36: 705 | B36: STD-PNL | C36: 101 | D36: Thúy | E36: 01/10/24 15:33 | F36: 02/10/24 08:27 | G36: 494000 | H36: 0 | I36: 494000 | J36: 0 | K36: 0 | L36: 0 | M36: 494000 | N36: 0 | O36: 0 | R36: 056191010582 | S36: Booked_CTV | U36: CHECKOUT | V36: 833 | X36: 494000 | Y36: 1
A37: 46 | B37: STD-PNL | C37: 101 | D37: Choi Jae Min | E37: 30/05/24 12:30 | F37: 30/05/24 12:51 | G37: 349000 | H37: 0 | I37: 349000 | J37: 0 | K37: 349000 | L37: 0 | M37: 0 | N37: 0 | O37: 0 | S37: Booked_CTV | U37: CHECKOUT | V37: 51 | X37: 349000 | Y37: 1
A38: 701 | B38: DELUXE-PNL | C38: 103 | D38: Halliwell Bruce | E38: 30/09/24 11:44 | F38: 01/10/24 11:00 | G38: 650000 | H38: 0 | I38: 650000 | J38: 0 | K38: 650000 | L38: 0 | M38: 0 | N38: 0 | O38: 0 | S38: Booked_CTV | U38: CHECKOUT | V38: 829 | X38: 650000 | Y38: 1
A39: 48 | B39: STD-PNL | C39: 601 | D39: Hứa Bích Trân | E39: 30/05/24 14:46 | F39: 31/05/24 08:53 | G39: 349000 | H39: 0 | I39: 349000 | J39: 0 | K39: 349000 | L39: 0 | M39: 0 | N39: 0 | O39: 0 | S39: Booked_CTV | U39: CHECKOUT | V39: 53 | X39: 349000 | Y39: 1
A40: 36 | B40: STD-PNL | C40: 201 | D40: Nguyễn Xuân Hải | E40: 28/05/24 18:23 | F40: 31/05/24 08:55 | G40: 1290000 | H40: 0 | I40: 1290000 | J40: 0 | K40: 0 | L40: 0 | M40: 840000 | N40: 450000 | O40: 0 | P40: 0948653477 | S40: Booked_CTV | U40: CHECKOUT | V40: 39 | X40: 430000 | Y40: 3
A41: 52 | B41: STD-PNL | C41: 101 | D41: chị Mão - anh Cảnh | E41: 30/05/24 21:45 | F41: 31/05/24 09:11 | G41: 490000 | H41: 0 | I41: 490000 | J41: 0 | K41: 0 | L41: 0 | M41: 490000 | N41: 0 | O41: 0 | P41: 0845302686 | S41: Booked_CTV | U41: CHECKOUT | V41: 58 | X41: 490000 | Y41: 1
A42: 52 | B42: SUP-PNL | C42: 102 | D42: Guest | E42: 30/05/24 21:45 | F42: 31/05/24 09:11 | G42: 490000 | H42: 0 | I42: 490000 | J42: 0 | K42: 0 | L42: 0 | M42: 490000 | N42: 0 | O42: 0 | S42: Booked_CTV | U42: CHECKOUT | V42: 59 | X42: 490000 | Y42: 1
A43: 20 | B43: STD-PNL | C43: 301 | D43: Kevin Smith | E43: 26/05/24 11:12 | F43: 31/05/24 11:00 | G43: 2475000 | H43: 0 | I43: 2475000 | J43: 0 | K43: 0 | L43: 0 | M43: 0 | N43: 2475000 | O43: 0 | S43: Booked_CTV | U43: CHECKOUT | V43: 20 | X43: 495000 | Y43: 5
A44: 699 | B44: SUP-Q-PNL | C44: 602 | D44: My Phung | E44: 29/09/24 14:27 | F44: 01/10/24 11:00 | G44: 988000 | H44: 0 | I44: 988000 | J44: 0 | K44: 0 | L44: 0 | M44: 988000 | N44: 0 | O44: 0 | S44: Booked_CTV | U44: CHECKOUT | V44: 827 | X44: 494000 | Y44: 2
A45: 680 | B45: SUP-PNL | C45: 302 | D45: Huy-Loan | E45: 28/09/24 14:15 | F45: 30/09/24 11:00 | G45: 1132000 | H45: 0 | I45: 1132000 | J45: 0 | K45: 0 | L45: 0 | M45: 1132000 | N45: 0 | O45: 0 | P45: 0903775152 | S45: Booked_CTV | U45: CHECKOUT | V45: 808 | X45: 566000 | Y45: 2
A46: 682 | B46: DELUXE-PNL | C46: 203 | D46: Ngocc Uyen | E46: 27/09/24 18:48 | F46: 30/09/24 07:35 | G46: 2037390 | H46: 0 | I46: 2037390 | J46: 0 | K46: 300000 | L46: 0 | M46: 1737390 | N46: 0 | O46: 0 | P46: +84935353044 | S46: Booked_CTV | U46: CHECKOUT | V46: 810 | X46: 679130 | Y46: 3
A47: 683 | B47: SUP-PNL | C47: 102 | D47: duyên lê | E47: 27/09/24 16:43 | F47: 29/09/24 11:00 | G47: 1168000 | H47: 0 | I47: 1168000 | J47: 0 | K47: 0 | L47: 0 | M47: 1168000 | N47: 0 | O47: 0 | S47: Booked_CTV | U47: CHECKOUT | V47: 811 | X47: 584000 | Y47: 2
A48: 40 | B48: STD-PNL | C48: 201 | D48: Nguyễn Anh Dũng | E48: 31/05/24 13:30 | F48: 02/06/24 08:06 | G48: 945000 | H48: 0 | I48: 945000 | J48: 0 | K48: 0 | L48: 0 | M48: 945000 | N48: 0 | O48: 0 | Q48: A26hotel.btx@gmail.com | S48: Booked_CTV | U48: CHECKOUT | V48: 43 | X48: 472500 | Y48: 2
A49: 58 | B49: STD-PNL | C49: 401 | D49: khách Hàn Quốc | E49: 01/06/24 12:25 | F49: 02/06/24 08:06 | G49: 580000 | H49: 0 | I49: 580000 | J49: 0 | K49: 580000 | L49: 0 | M49: 0 | N49: 0 | O49: 0 | S49: Booked_CTV | U49: CHECKOUT | V49: 65 | X49: 580000 | Y49: 1
A50: 57 | B50: SUP-PNL | C50: 302 | D50: Thu Hương | E50: 31/05/24 13:21 | F50: 02/06/24 10:06 | G50: 1350000 | H50: 0 | I50: 1350000 | J50: 0 | K50: 0 | L50: 0 | M50: 1350000 | N50: 0 | O50: 0 | P50: 0934585256 | S50: Booked_CTV | U50: CHECKOUT | V50: 64 | X50: 675000 | Y50: 2
A51: 681 | B51: DELUXE-PNL | C51: 603 | D51: Mason Lee | E51: 27/09/24 15:29 | F51: 29/09/24 11:00 | G51: 1600000 | H51: 0 | I51: 1600000 | J51: 0 | K51: 1600000 | L51: 0 | M51: 0 | N51: 0 | O51: 0 | S51: Booked_CTV | U51: CHECKOUT | V51: 809 | X51: 800000 | Y51: 2
A52: 692 | B52: DELUXE-PNL | C52: 503 | D52: Phạm Tuyết Lụa | E52: 28/09/24 14:15 | F52: 29/09/24 10:17 | G52: 720000 | H52: 0 | I52: 720000 | J52: 0 | K52: 0 | L52: 0 | M52: 720000 | N52: 0 | O52: 0 | S52: Booked_CTV | U52: CHECKOUT | V52: 820 | X52: 720000 | Y52: 1
A53: 50 | B53: STD-PNL | C53: 101 | D53: Lê Nguyễn Phương Anh | E53: 31/05/24 15:36 | F53: 02/06/24 11:00 | G53: 1168000 | H53: 30000 | I53: 1198000 | J53: 0 | K53: 30000 | L53: 0 | M53: 1168000 | N53: 0 | O53: 0 | P53: 0978106251 | S53: Booked_CTV | U53: CHECKOUT | V53: 55 | X53: 584000 | Y53: 2
A54: 676 | B54: STD-PNL | C54: 501 | D54: lucien | E54: 27/09/24 13:34 | F54: 29/09/24 08:12 | G54: 1160000 | H54: 0 | I54: 1160000 | J54: 0 | K54: 1160000 | L54: 0 | M54: 0 | N54: 0 | O54: 0 | P54: 0586029719 | S54: Booked_CTV | U54: CHECKOUT | V54: 804 | X54: 580000 | Y54: 2
A55: 668 | B55: STD-PNL | C55: 601 | D55: Nguyen Van Hau | E55: 28/09/24 16:22 | F55: 29/09/24 08:12 | G55: 584000 | H55: 0 | I55: 525600 | J55: 0 | K55: 0 | L55: 0 | M55: 525600 | N55: 0 | O55: 0 | P55: +84921447927 | Q55: Hau.92nguyen@gmail.com | R55: Q00366446 | S55: Booked_CTV | U55: CHECKOUT | V55: 796 | W55: 28849814405 | X55: 584000 | Y55: 1
A56: 64 | B56: SUP-PNL | C56: 102 | D56: Trần Nhung | E56: 02/06/24 11:51 | F56: 02/06/24 14:56 | G56: 479000 | H56: 0 | I56: 479000 | J56: 0 | K56: 0 | L56: 0 | M56: 479000 | N56: 0 | O56: 0 | P56: 0909551027 | S56: Booked_CTV | U56: CHECKOUT | V56: 71 | X56: 479000 | Y56: 1
A57: 66 | B57: STD-PNL | C57: 401 | D57: Anh Nguyen | E57: 02/06/24 17:58 | F57: 02/06/24 21:11 | G57: 400000 | H57: 0 | I57: 400000 | J57: 0 | K57: 0 | L57: 0 | M57: 400000 | N57: 0 | O57: 0 | P57: 0395221760 | S57: Booked_CTV | U57: CHECKOUT | V57: 73 | X57: 400000 | Y57: 1
A58: 65 | B58: STD-PNL | C58: 601 | D58: Tấn Phúc | E58: 02/06/24 17:27 | F58: 03/06/24 11:00 | G58: 494000 | H58: 39000 | I58: 533000 | J58: 0 | K58: 0 | L58: 0 | M58: 533000 | N58: 0 | O58: 0 | P58: 0902542119 | S58: Booked_CTV | U58: CHECKOUT | V58: 72 | X58: 494000 | Y58: 1
A59: 689 | B59: DELUXE-PNL | C59: 303 | D59: NGUYỄN THUỴ ANH VÂN | E59: 28/09/24 03:13 | F59: 28/09/24 11:00 | G59: 630000 | H59: 0 | I59: 630000 | J59: 0 | K59: 0 | L59: 0 | M59: 630000 | N59: 0 | O59: 0 | S59: Booked_CTV | U59: CHECKOUT | V59: 817 | X59: 630000 | Y59: 1
A60: 70 | B60: DELUXE-PNL | C60: 303 | D60: Nguyên Hải | E60: 03/06/24 13:08 | F60: 03/06/24 17:00 | G60: 649000 | H60: 58000 | I60: 707000 | J60: 0 | K60: 0 | L60: 0 | M60: 707000 | N60: 0 | O60: 0 | P60: 0932720793 | S60: Booked_CTV | U60: CHECKOUT | V60: 77 | X60: 649000 | Y60: 1
A61: 45 | B61: SUP-Q-PNL | C61: 502 | D61: Guest | E61: 04/06/24 09:54 | F61: 05/06/24 11:00 | G61: 905000 | H61: 0 | I61: 905000 | J61: 0 | K61: 0 | L61: 0 | M61: 905000 | N61: 0 | O61: 0 | S61: Booked_CTV | U61: CHECKOUT | V61: 48 | X61: 905000 | Y61: 1
A62: 45 | B62: STD-PNL | C62: 501 | D62: Nguyễn Thanh Hiền | E62: 04/06/24 09:54 | F62: 05/06/24 11:00 | G62: 735000 | H62: 138000 | I62: 873000 | J62: 0 | K62: 138000 | L62: 0 | M62: 735000 | N62: 0 | O62: 0 | S62: Booked_CTV | U62: CHECKOUT | V62: 49 | X62: 735000 | Y62: 1
A63: 45 | B63: DELUXE-PNL | C63: 503 | D63: Guest | E63: 04/06/24 09:54 | F63: 05/06/24 11:00 | G63: 1207000 | H63: 0 | I63: 1207000 | J63: 0 | K63: 0 | L63: 0 | M63: 1207000 | N63: 0 | O63: 0 | S63: Booked_CTV | U63: CHECKOUT | V63: 50 | X63: 1207000 | Y63: 1
A64: 75 | B64: SUP-PNL | C64: 202 | D64: Guest | E64: 04/06/24 16:32 | F64: 05/06/24 11:00 | G64: 585000 | H64: 0 | I64: 585000 | J64: 0 | K64: 0 | L64: 0 | M64: 585000 | N64: 0 | O64: 0 | S64: Booked_CTV | U64: CHECKOUT | V64: 83 | X64: 585000 | Y64: 1
A65: 79 | B65: DELUXE-PNL | C65: 303 | D65: Trần Đức Huy | E65: 05/06/24 01:23 | F65: 05/06/24 14:33 | G65: 890000 | H65: 0 | I65: 890000 | J65: 0 | K65: 0 | L65: 0 | M65: 890000 | N65: 0 | O65: 0 | S65: Booked_CTV | U65: CHECKOUT | V65: 88 | X65: 890000 | Y65: 1
A66: 77 | B66: STD-PNL | C66: 601 | D66: Brian Lam | E66: 04/06/24 20:01 | F66: 05/06/24 14:59 | G66: 735000 | H66: 0 | I66: 735000 | J66: 0 | K66: 0 | L66: 0 | M66: 735000 | N66: 0 | O66: 0 | P66: 0917791794 | S66: Booked_CTV | U66: CHECKOUT | V66: 86 | X66: 735000 | Y66: 1
A67: 75 | B67: SUP-PNL | C67: 102 | D67: Nguyễn Thị Ngọc Trâm | E67: 04/06/24 16:33 | F67: 06/06/24 09:28 | G67: 1170000 | H67: 40000 | I67: 1210000 | J67: 0 | K67: 640000 | L67: 0 | M67: 570000 | N67: 0 | O67: 0 | P67: 0898071063 | R67: 321505748 | S67: Booked_CTV | U67: CHECKOUT | V67: 84 | X67: 585000 | Y67: 2
A68: 83 | B68: SUP-Q-PNL | C68: 502 | D68: Lê Thuỳ Dương | E68: 06/06/24 00:37 | F68: 06/06/24 11:00 | G68: 620000 | H68: 0 | I68: 620000 | J68: 0 | K68: 0 | L68: 0 | M68: 620000 | N68: 0 | O68: 0 | S68: Booked_CTV | U68: CHECKOUT | V68: 93 | X68: 620000 | Y68: 1
A69: 666 | B69: STD-PNL | C69: 101 | D69: Nhung | E69: 26/09/24 11:38 | F69: 27/09/24 11:00 | G69: 500000 | H69: 0 | I69: 500000 | J69: 0 | K69: 500000 | L69: 0 | M69: 0 | N69: 0 | O69: 0 | P69: 0795060963 | S69: Booked_CTV | U69: CHECKOUT | V69: 794 | X69: 500000 | Y69: 1
A70: 89 | B70: SUP-PNL | C70: 302 | D70: Qui | E70: 06/06/24 21:56 | F70: 07/06/24 09:32 | G70: 585000 | H70: 0 | I70: 585000 | J70: 0 | K70: 585000 | L70: 0 | M70: 0 | N70: 0 | O70: 0 | P70: 0869222364 | S70: Booked_CTV | U70: CHECKOUT | V70: 99 | X70: 585000 | Y70: 1
A71: 93 | B71: SUP-PNL | C71: 402 | D71: Minh Quân | E71: 07/06/24 00:03 | F71: 07/06/24 09:33 | G71: 585000 | H71: 0 | I71: 585000 | J71: 0 | K71: 0 | L71: 0 | M71: 0 | N71: 585000 | O71: 0 | P71: 0776306800 | S71: Booked_CTV | U71: CHECKOUT | V71: 104 | X71: 585000 | Y71: 1
A72: 69 | B72: STD-PNL | C72: 501 | D72: Ngọc Uyên | E72: 06/06/24 17:43 | F72: 07/06/24 09:35 | G72: 495000 | H72: 150000 | I72: 645000 | J72: 0 | K72: 0 | L72: 0 | M72: 645000 | N72: 0 | O72: 0 | P72: 0899968619 | S72: Booked_CTV | U72: CHECKOUT | V72: 76 | X72: 495000 | Y72: 1
A73: 71 | B73: STD-PNL | C73: 401 | D73: Guest | E73: 04/06/24 13:08 | F73: 07/06/24 11:00 | G73: 1480000 | H73: 0 | I73: 1480000 | J73: 0 | K73: 0 | L73: 0 | M73: 1480000 | N73: 0 | O73: 0 | S73: Booked_CTV | U73: CHECKOUT | V73: 78 | X73: 493333.33 | Y73: 3
A74: 71 | B74: STD-PNL | C74: 301 | D74: Trieu Le | E74: 04/06/24 13:08 | F74: 07/06/24 11:00 | G74: 1480000 | H74: 0 | I74: 1480000 | J74: 0 | K74: 1000000 | L74: 0 | M74: 480000 | N74: 0 | O74: 0 | S74: Booked_CTV | U74: CHECKOUT | V74: 79 | X74: 493333.33 | Y74: 3
A75: 659 | B75: SUP-PNL | C75: 402 | D75: an thư | E75: 25/09/24 12:56 | F75: 26/09/24 11:00 | G75: 600000 | H75: 0 | I75: 600000 | J75: 0 | K75: 600000 | L75: 0 | M75: 0 | N75: 0 | O75: 0 | P75: 0986234397 | S75: Booked_CTV | U75: CHECKOUT | V75: 787 | X75: 600000 | Y75: 1
A76: 92 | B76: DELUXE-PNL | C76: 403 | D76: Trong Hieu | E76: 06/06/24 23:38 | F76: 07/06/24 11:00 | G76: 809000 | H76: 0 | I76: 809000 | J76: 0 | K76: 0 | L76: 0 | M76: 0 | N76: 809000 | O76: 0 | P76: 0933906103 | S76: Booked_CTV | U76: CHECKOUT | V76: 103 | X76: 809000 | Y76: 1
A77: 658 | B77: SUP-PNL | C77: 202 | D77: Phạm văn tuấn | E77: 25/09/24 12:47 | F77: 26/09/24 10:23 | G77: 584000 | H77: 0 | I77: 584000 | J77: 0 | K77: 0 | L77: 0 | M77: 584000 | N77: 0 | O77: 0 | P77: 0928595969 | S77: Booked_CTV | U77: CHECKOUT | V77: 784 | X77: 584000 | Y77: 1
A78: 658 | B78: DELUXE-PNL | C78: 203 | D78: khách | E78: 25/09/24 13:56 | F78: 26/09/24 10:05 | G78: 719000 | H78: 0 | I78: 719000 | J78: 0 | K78: 0 | L78: 0 | M78: 719000 | N78: 0 | O78: 0 | S78: Booked_CTV | U78: CHECKOUT | V78: 786 | X78: 719000 | Y78: 1
A79: 97 | B79: STD-PNL | C79: 601 | D79: Trần Quỳnh Như | E79: 07/06/24 15:42 | F79: 08/06/24 08:25 | G79: 550000 | H79: 0 | I79: 550000 | J79: 0 | K79: 550000 | L79: 0 | M79: 0 | N79: 0 | O79: 0 | P79: +84858802412 | Q79: qt17876@gmail.com | R79: 091304003593 | S79: Booked_CTV | U79: CHECKOUT | V79: 109 | X79: 550000 | Y79: 1
A80: 87 | B80: DELUXE-PNL | C80: 503 | D80: Hà Thị Thu Hiền | E80: 06/06/24 13:04 | F80: 08/06/24 08:26 | G80: 1600000 | H80: 0 | I80: 1600000 | J80: 0 | K80: 1600000 | L80: 0 | M80: 0 | N80: 0 | O80: 0 | P80: 0964961998 | S80: Booked_CTV | U80: CHECKOUT | V80: 97 | X80: 800000 | Y80: 2
A81: 663 | B81: STD-PNL | C81: 401 | D81: Trần Ngọc hân | E81: 25/09/24 18:58 | F81: 26/09/24 07:42 | G81: 494000 | H81: 0 | I81: 494000 | J81: 0 | K81: 0 | L81: 0 | M81: 494000 | N81: 0 | O81: 0 | P81: 0383780633 | S81: Booked_CTV | U81: CHECKOUT | V81: 791 | X81: 494000 | Y81: 1
A82: 664 | B82: STD-PNL | C82: 201 | D82: Anh Lựu | E82: 25/09/24 18:26 | F82: 25/09/24 20:30 | G82: 350000 | H82: 0 | I82: 350000 | J82: 0 | K82: 350000 | L82: 0 | M82: 0 | N82: 0 | O82: 0 | P82: 0968913909 | S82: Booked_CTV | U82: CHECKOUT | V82: 792 | X82: 350000 | Y82: 1
A83: 102 | B83: DELUXE-PNL | C83: 203 | D83: Nguyễn Lan Anh | E83: 08/06/24 13:08 | F83: 08/06/24 15:07 | G83: 450000 | H83: 0 | I83: 450000 | J83: 0 | K83: -50000 | L83: 0 | M83: 500000 | N83: 0 | O83: 0 | S83: Booked_CTV | U83: CHECKOUT | V83: 116 | X83: 450000 | Y83: 1
A84: 105 | B84: SUP-Q-PNL | C84: 502 | D84: Trần Văn Chính | E84: 08/06/24 14:57 | F84: 08/06/24 17:00 | G84: 350000 | H84: 0 | I84: 350000 | J84: 0 | K84: 350000 | L84: 0 | M84: 0 | N84: 0 | O84: 0 | S84: Booked_CTV | U84: CHECKOUT | V84: 119 | X84: 350000 | Y84: 1
A85: 101 | B85: STD-PNL | C85: 501 | D85: Phan Vỹ | E85: 08/06/24 11:45 | F85: 09/06/24 08:15 | G85: 580000 | H85: 0 | I85: 580000 | J85: 0 | K85: 0 | L85: 0 | M85: 580000 | N85: 0 | O85: 0 | P85: 0868340906 | S85: Booked_CTV | U85: CHECKOUT | V85: 115 | X85: 580000 | Y85: 1
A86: 99 | B86: DELUXE-PNL | C86: 303 | D86: Tuấn | E86: 08/06/24 11:45 | F86: 09/06/24 08:17 | G86: 800000 | H86: 0 | I86: 800000 | J86: 0 | K86: 400000 | L86: 0 | M86: 400000 | N86: 0 | O86: 0 | S86: Booked_CTV | U86: CHECKOUT | V86: 113 | X86: 800000 | Y86: 1
A87: 96 | B87: STD-PNL | C87: 301 | D87: Lê Gia Khánh | E87: 08/06/24 12:32 | F87: 09/06/24 08:43 | G87: 585000 | H87: 19000 | I87: 604000 | J87: 0 | K87: 19000 | L87: 0 | M87: 585000 | N87: 0 | O87: 0 | P87: 0849457828 | S87: Booked_CTV | U87: CHECKOUT | V87: 108 | X87: 585000 | Y87: 1
A88: 103 | B88: SUP-PNL | C88: 302 | D88: Nguyễn Tấn Huy Anh | E88: 08/06/24 12:33 | F88: 09/06/24 10:50 | G88: 585000 | H88: 0 | I88: 585000 | J88: 0 | K88: 0 | L88: 0 | M88: 585000 | N88: 0 | O88: 0 | P88: 0977305193 | S88: Booked_CTV | U88: CHECKOUT | V88: 117 | X88: 585000 | Y88: 1
A89: 107 | B89: STD-PNL | C89: 101 | D89: Nguyễn Phùng Duy Anh | E89: 09/06/24 11:42 | F89: 09/06/24 14:41 | G89: 410000 | H89: 20000 | I89: 430000 | J89: 0 | K89: 0 | L89: 0 | M89: 430000 | N89: 0 | O89: 0 | P89: 0778954648 | R89: 093098000014 | S89: Booked_CTV | U89: CHECKOUT | V89: 123 | X89: 410000 | Y89: 1
A90: 74 | B90: DELUXE-PNL | C90: 503 | D90: _bnleh | E90: 08/06/24 14:37 | F90: 09/06/24 14:57 | G90: 1139000 | H90: 160000 | I90: 1299000 | J90: 0 | K90: 0 | L90: 0 | M90: 1299000 | N90: 0 | O90: 0 | P90: 0967670374 | S90: Booked_CTV | U90: CHECKOUT | V90: 82 | X90: 1139000 | Y90: 1
A91: 78 | B91: STD-PNL | C91: 301 | D91: Thanh Thúy | E91: 09/06/24 21:10 | F91: 09/06/24 21:11 | G91: 300000 | H91: 0 | I91: 300000 | J91: 0 | K91: 0 | L91: 0 | M91: 300000 | N91: 0 | O91: 0 | S91: Booked_CTV | U91: CHECKOUT | V91: 87 | X91: 300000 | Y91: 1
A92: 111 | B92: STD-PNL | C92: 301 | D92: Mai Văn Nguyên | E92: 09/06/24 21:43 | F92: 10/06/24 08:17 | G92: 495000 | H92: 0 | I92: 495000 | J92: 0 | K92: 0 | L92: 0 | M92: 495000 | N92: 0 | O92: 0 | P92: 0974910889 | S92: Booked_CTV | U92: CHECKOUT | V92: 129 | X92: 495000 | Y92: 1
A93: 660 | B93: STD-PNL | C93: 101 | D93: quỳnh | E93: 25/09/24 13:43 | F93: 25/09/24 15:35 | G93: 350000 | H93: 0 | I93: 350000 | J93: 0 | K93: 0 | L93: 0 | M93: 350000 | N93: 0 | O93: 0 | S93: Booked_CTV | U93: CHECKOUT | V93: 788 | X93: 350000 | Y93: 1
A94: 76 | B94: SUP-Q-PNL | C94: 602 | D94: Mio | E94: 09/06/24 14:21 | F94: 10/06/24 10:01 | G94: 629100 | H94: 0 | I94: 629100 | J94: 0 | K94: 329100 | L94: 0 | M94: 300000 | N94: 0 | O94: 0 | P94: 0967215343 | S94: Booked_CTV | U94: CHECKOUT | V94: 85 | X94: 629100 | Y94: 1
A95: 109 | B95: STD-PNL | C95: 501 | D95: Hồ Văn Cường | E95: 09/06/24 18:33 | F95: 10/06/24 11:00 | G95: 495000 | H95: 0 | I95: 495000 | J95: 0 | K95: 0 | L95: 0 | M95: 495000 | N95: 0 | O95: 0 | P95: 0587623098 | S95: Booked_CTV | U95: CHECKOUT | V95: 127 | X95: 495000 | Y95: 1
A96: 655 | B96: STD-PNL | C96: 501 | D96: Minh Nguyen Dinh | E96: 25/09/24 10:08 | F96: 25/09/24 12:45 | G96: 350000 | H96: 0 | I96: 350000 | J96: 0 | K96: 0 | L96: 0 | M96: 350000 | N96: 0 | O96: 0 | S96: Booked_CTV | U96: CHECKOUT | V96: 783 | X96: 350000 | Y96: 1
A97: 90 | B97: STD-PNL | C97: 601 | D97: Thanh Mai Nguyen | E97: 09/06/24 08:16 | F97: 11/06/24 08:28 | G97: 1550001 | H97: 0 | I97: 1550001 | J97: 0 | K97: 0 | L97: 0 | M97: 1550001 | N97: 0 | O97: 0 | P97: 0936259514 | S97: Booked_CTV | U97: CHECKOUT | V97: 100 | X97: 775000.5 | Y97: 2
A98: 85 | B98: DELUXE-PNL | C98: 603 | D98: Adamos Costas | E98: 06/06/24 13:04 | F98: 11/06/24 08:28 | G98: 4225000 | H98: 0 | I98: 4225000 | J98: 0 | K98: 4225000 | L98: 0 | M98: 0 | N98: 0 | O98: 0 | S98: Booked_CTV | U98: CHECKOUT | V98: 95 | X98: 845000 | Y98: 5
A99: 117 | B99: DELUXE-PNL | C99: 503 | D99: Cao Tiến Hùng | E99: 10/06/24 21:15 | F99: 11/06/24 08:29 | G99: 449000 | H99: 0 | I99: 449000 | J99: 0 | K99: 449000 | L99: 0 | M99: 0 | N99: 0 | O99: 0 | S99: Booked_CTV | U99: CHECKOUT | V99: 135 | X99: 449000 | Y99: 1
A100: 84 | B100: STD-PNL | C100: 401 | D100: Ngân Kim | E100: 08/06/24 12:33 | F100: 11/06/24 09:51 | G100: 1565000 | H100: 199000 | I100: 1764000 | J100: 0 | K100: 1264000 | L100: 0 | M100: 500000 | N100: 0 | O100: 0 | P100: 0978969605 | S100: Booked_CTV | U100: CHECKOUT | V100: 94 | X100: 521666.67 | Y100: 3
A101: 115 | B101: DELUXE-PNL | C101: 503 | D101: Thanhh Hương | E101: 11/06/24 15:49 | F101: 11/06/24 21:00 | G101: 585000 | H101: 0 | I101: 585000 | J101: 0 | K101: 295000 | L101: 0 | M101: 290000 | N101: 0 | O101: 0 | P101: 0859710047 | S101: Booked_CTV | U101: CHECKOUT | V101: 133 | X101: 585000 | Y101: 1
...

Sheet Visualize-6-months
A1: Room Analyst | H1: Channel Analyst
A2: June 2024 | H2: 45444
A3: Total Capacity | B3: Day | C3: Month | D3: Room Sold | E3: Occupancy | H3: Room Type | I3: Total Month | J3: Booking | K3: Agoda | L3: Airbnb | M3: Staff | N3: A26 web | O3: Facebook | P3: Walkin | Q3: Expedia | R3: Traveloka | S3: Travel Agent | T3: Klook
A4: Total Room | B4: =SUM(B5:B8) -> 20 | C4: =COUNTIF(June!E4:AH23,"<>Lock") -> 600 | D4: =COUNTIFS(June!E4:AH23, "<>",June!E4:AH23, "<>Lock") -> 310 | E4: =(D4/C4) -> 0.51666667 | H4: STD-PNL | I4: =SUM(J4:T4) -> 119 | J4: =COUNTIF(June!$E$4:$AH$9,J$40) -> 0 | K4: =COUNTIF(June!$E$4:$AH$9,K$40) -> 31 | L4: =COUNTIF(June!$E$4:$AH$9,L$40) -> 2 | M4: =COUNTIF(June!$E$4:$AH$9,M$40) -> 79 | N4: =COUNTIF(June!$E$4:$AH$9,N$40) -> 7 | O4: =COUNTIF(June!$E$4:$AH$9,O$40) -> 0 | P4: =COUNTIF(June!$E$4:$AH$9,P$40) -> 0 | Q4: =COUNTIF(June!$E$4:$AH$9,Q$40) -> 0 | ... T4: =COUNTIF(June!$E$4:$AH$9,T$40) -> 0
A5: STD-PNL | B5: 6 | C5: =COUNTIF(June!E4:AH9,"<>Lock") -> 180 | D5: =COUNTIFS(June!E4:AH9, "<>",June!E4:AH9, "<>Lock") -> 119 | E5: =(D5/C5) -> 0.66111111 | H5: SUP-PNL | I5: =SUM(J5:T5) -> 68 | J5: =COUNTIF(June!$E$10:$AH$13,J$40) -> 6 | K5: =COUNTIF(June!$E$10:$AH$13,K$40) -> 14 | L5: =COUNTIF(June!$E$10:$AH$13,L$40) -> 0 | M5: =COUNTIF(June!$E$10:$AH$13,M$40) -> 47 | N5: =COUNTIF(June!$E$10:$AH$13,N$40) -> 1 | O5: =COUNTIF(June!$E$10:$AH$13,O$40) -> 0 | P5: =COUNTIF(June!$E$10:$AH$13,P$40) -> 0 | Q5: =COUNTIF(June!$E$10:$AH$13,Q$40) -> 0 | ... T5: =COUNTIF(June!$E$10:$AH$13,T$40) -> 0
A6: SUP-PNL | B6: 4 | C6: =COUNTIF(June!E10:AH13,"<>Lock") -> 120 | D6: =COUNTIFS(June!E10:AH13, "<>",June!E10:AH13, "<>Lock") -> 68 | E6: =(D6/C6) -> 0.56666667 | H6: SUP-Q-PNL | I6: =SUM(J6:T6) -> 35 | J6: =COUNTIF(June!$E$14:$AH$16,J$40) -> 2 | K6: =COUNTIF(June!$E$14:$AH$16,K$40) -> 5 | L6: =COUNTIF(June!$E$14:$AH$16,L$40) -> 6 | M6: =COUNTIF(June!$E$14:$AH$16,M$40) -> 19 | N6: =COUNTIF(June!$E$14:$AH$16,N$40) -> 2 | O6: =COUNTIF(June!$E$14:$AH$16,O$40) -> 1 | P6: =COUNTIF(June!$E$14:$AH$16,P$40) -> 0 | Q6: =COUNTIF(June!$E$14:$AH$16,Q$40) -> 0 | ... T6: =COUNTIF(June!$E$14:$AH$16,T$40) -> 0
A7: SUP-Q-PNL | B7: 3 | C7: =COUNTIF(June!E14:AH16,"<>Lock") -> 90 | D7: =COUNTIFS(June!E14:AH16, "<>",June!E14:AH16, "<>Lock") -> 35 | E7: =(D7/C7) -> 0.38888889 | H7: DELUXE - PNL | I7: =SUM(J7:T7) -> 88 | J7: =COUNTIF(June!$E$17:$AH$23,J$40) -> 0 | K7: =COUNTIF(June!$E$17:$AH$23,K$40) -> 0 | L7: =COUNTIF(June!$E$17:$AH$23,L$40) -> 19 | M7: =COUNTIF(June!$E$17:$AH$23,M$40) -> 55 | N7: =COUNTIF(June!$E$17:$AH$23,N$40) -> 14 | O7: =COUNTIF(June!$E$17:$AH$23,O$40) -> 0 | P7: =COUNTIF(June!$E$17:$AH$23,P$40) -> 0 | Q7: =COUNTIF(June!$E$17:$AH$23,Q$40) -> 0 | ... T7: =COUNTIF(June!$E$17:$AH$23,T$40) -> 0
A8: DELUXE-PNL | B8: 7 | C8: =COUNTIF(June!E17:AH23,"<>Lock") -> 210 | D8: =COUNTIFS(June!E17:AH23, "<>",June!E17:AH23, "<>Lock") -> 88 | E8: =(D8/C8) -> 0.41904762
H9: 45474
A10: July 2024 | H10: Room Type | I10: Total Month | J10: Booking | K10: Agoda | L10: Airbnb | M10: Staff | N10: A26 web | O10: Facebook | P10: Walkin | Q10: Expedia | R10: Traveloka | S10: Travel Agent | T10: Klook
A11: Total Capacity | B11: Day | C11: Month | D11: Room Sold | E11: Occupancy | H11: STD-PNL | I11: =SUM(J11:T11) -> 161 | J11: =COUNTIF(July!$E$4:$AI$9,J$40) -> 3 | K11: =COUNTIF(July!$E$4:$AI$9,K$40) -> 42 | L11: =COUNTIF(July!$E$4:$AI$9,L$40) -> 4 | M11: =COUNTIF(July!$E$4:$AI$9,M$40) -> 108 | N11: =COUNTIF(July!$E$4:$AI$9,N$40) -> 2 | O11: =COUNTIF(July!$E$4:$AI$9,O$40) -> 0 | P11: =COUNTIF(July!$E$4:$AI$9,P$40) -> 0 | Q11: =COUNTIF(July!$E$4:$AI$9,Q$40) -> 0 | ... T11: =COUNTIF(July!$E$4:$AI$9,T$40) -> 0
A12: Total Room | B12: =SUM(B13:B16) -> 20 | C12: =COUNTIF(July!E4:AI23,"<>Lock") -> 620 | D12: =COUNTIFS(July!E4:AI23, "<>",July!E4:AI23, "<>Lock") -> 440 | E12: =(D12/C12) -> 0.70967742 | H12: SUP-PNL | I12: =SUM(J12:T12) -> 89 | J12: =COUNTIF(July!$E$10:$AI$13,J$40) -> 6 | K12: =COUNTIF(July!$E$10:$AI$13,K$40) -> 5 | L12: =COUNTIF(July!$E$10:$AI$13,L$40) -> 9 | M12: =COUNTIF(July!$E$10:$AI$13,M$40) -> 66 | N12: =COUNTIF(July!$E$10:$AI$13,N$40) -> 0 | O12: =COUNTIF(July!$E$10:$AI$13,O$40) -> 0 | P12: =COUNTIF(July!$E$10:$AI$13,P$40) -> 0 | Q12: =COUNTIF(July!$E$10:$AI$13,Q$40) -> 3 | ... T12: =COUNTIF(July!$E$10:$AI$13,T$40) -> 0
A13: STD-PNL | B13: 6 | C13: =COUNTIF(July!E4:AI9,"<>Lock") -> 186 | D13: =COUNTIFS(July!E4:AI9, "<>",July!E4:AI9, "<>Lock") -> 161 | E13: =(D13/C13) -> 0.8655914 | H13: SUP-Q-PNL | I13: =SUM(J13:T13) -> 53 | J13: =COUNTIF(July!$E$14:$AI$16,J$40) -> 3 | K13: =COUNTIF(July!$E$14:$AI$16,K$40) -> 3 | L13: =COUNTIF(July!$E$14:$AI$16,L$40) -> 3 | M13: =COUNTIF(July!$E$14:$AI$16,M$40) -> 37 | N13: =COUNTIF(July!$E$14:$AI$16,N$40) -> 7 | O13: =COUNTIF(July!$E$14:$AI$16,O$40) -> 0 | P13: =COUNTIF(July!$E$14:$AI$16,P$40) -> 0 | Q13: =COUNTIF(July!$E$14:$AI$16,Q$40) -> 0 | ... T13: =COUNTIF(July!$E$14:$AI$16,T$40) -> 0
A14: SUP-PNL | B14: 4 | C14: =COUNTIF(July!E10:AI13,"<>Lock") -> 124 | D14: =COUNTIFS(July!E10:AI13, "<>",July!E10:AI13, "<>Lock") -> 89 | E14: =(D14/C14) -> 0.71774194 | H14: DELUXE - PNL | I14: =SUM(J14:T14) -> 137 | J14: =COUNTIF(July!$E$17:$AI$23,J$40) -> 1 | K14: =COUNTIF(July!$E$17:$AI$23,K$40) -> 12 | L14: =COUNTIF(July!$E$17:$AI$23,L$40) -> 5 | M14: =COUNTIF(July!$E$17:$AI$23,M$40) -> 118 | N14: =COUNTIF(July!$E$17:$AI$23,N$40) -> 1 | O14: =COUNTIF(July!$E$17:$AI$23,O$40) -> 0 | P14: =COUNTIF(July!$E$17:$AI$23,P$40) -> 0 | Q14: =COUNTIF(July!$E$17:$AI$23,Q$40) -> 0 | ... T14: =COUNTIF(July!$E$17:$AI$23,T$40) -> 0
A15: SUP-Q-PNL | B15: 3 | C15: =COUNTIF(July!E14:AI16,"<>Lock") -> 93 | D15: =COUNTIFS(July!E14:AI16, "<>",July!E14:AI16, "<>Lock") -> 53 | E15: =(D15/C15) -> 0.56989247
A16: DELUXE-PNL | B16: 7 | C16: =COUNTIF(July!E17:AI23,"<>Lock") -> 217 | D16: =COUNTIFS(July!E17:AI23, "<>",July!E17:AI23, "<>Lock") -> 137 | E16: =(D16/C16) -> 0.63133641
H17: 45505
A18: August 2024 | H18: Room Type | I18: Total Month | J18: Booking | K18: Agoda | L18: Airbnb | M18: Staff | N18: A26 web | O18: Facebook | P18: Walkin | Q18: Expedia | R18: Traveloka | S18: Travel Agent | T18: Klook
A19: Total Capacity | B19: Day | C19: Month | D19: Room Sold | E19: Occupancy | H19: STD-PNL | I19: =SUM(J19:T19) -> 112 | J19: =COUNTIF(August!$E$4:$AI$9,J$40) -> 7 | K19: =COUNTIF(August!$E$4:$AI$9,K$40) -> 14 | L19: =COUNTIF(August!$E$4:$AI$9,L$40) -> 3 | M19: =COUNTIF(August!$E$4:$AI$9,M$40) -> 88 | N19: =COUNTIF(August!$E$4:$AI$9,N$40) -> 0 | O19: =COUNTIF(August!$E$4:$AI$9,O$40) -> 0 | P19: =COUNTIF(August!$E$4:$AI$9,P$40) -> 0 | Q19: =COUNTIF(August!$E$4:$AI$9,Q$40) -> 0 | ... T19: =COUNTIF(August!$E$4:$AI$9,T$40) -> 0
A20: Total Room | B20: =SUM(B21:B24) -> 20 | C20: =COUNTIF(August!E4:AI23,"<>Lock") -> 608 | D20: =COUNTIFS(August!E4:AI23, "<>",August!E4:AI23, "<>Lock") -> 284 | E20: =(D20/C20) -> 0.46710526 | H20: SUP-PNL | I20: =SUM(J20:T20) -> 54 | J20: =COUNTIF(August!$E$10:$AI$13,J$40) -> 1 | K20: =COUNTIF(August!$E$10:$AI$13,K$40) -> 2 | L20: =COUNTIF(August!$E$10:$AI$13,L$40) -> 7 | M20: =COUNTIF(August!$E$10:$AI$13,M$40) -> 44 | N20: =COUNTIF(August!$E$10:$AI$13,N$40) -> 0 | O20: =COUNTIF(August!$E$10:$AI$13,O$40) -> 0 | P20: =COUNTIF(August!$E$10:$AI$13,P$40) -> 0 | Q20: =COUNTIF(August!$E$10:$AI$13,Q$40) -> 0 | ... T20: =COUNTIF(August!$E$10:$AI$13,T$40) -> 0
A21: STD-PNL | B21: 6 | C21: =COUNTIF(August!E4:AI9,"<>Lock") -> 186 | D21: =COUNTIFS(August!E4:AI9, "<>",August!E4:AI9, "<>Lock") -> 112 | E21: =(D21/C21) -> 0.60215054 | H21: SUP-Q-PNL | I21: =SUM(J21:T21) -> 44 | J21: =COUNTIF(August!$E$14:$AI$16,J$40) -> 0 | K21: =COUNTIF(August!$E$14:$AI$16,K$40) -> 4 | L21: =COUNTIF(August!$E$14:$AI$16,L$40) -> 0 | M21: =COUNTIF(August!$E$14:$AI$16,M$40) -> 35 | N21: =COUNTIF(August!$E$14:$AI$16,N$40) -> 0 | O21: =COUNTIF(August!$E$14:$AI$16,O$40) -> 0 | P21: =COUNTIF(August!$E$14:$AI$16,P$40) -> 0 | Q21: =COUNTIF(August!$E$14:$AI$16,Q$40) -> 2 | ... T21: =COUNTIF(August!$E$14:$AI$16,T$40) -> 3
A22: SUP-PNL | B22: 4 | C22: =COUNTIF(August!E10:AI13,"<>Lock") -> 124 | D22: =COUNTIFS(August!E10:AI13, "<>",August!E10:AI13, "<>Lock") -> 54 | E22: =(D22/C22) -> 0.43548387 | H22: DELUXE - PNL | I22: =SUM(J22:T22) -> 74 | J22: =COUNTIF(August!$E$17:$AI$23,J$40) -> 3 | K22: =COUNTIF(August!$E$17:$AI$23,K$40) -> 4 | L22: =COUNTIF(August!$E$17:$AI$23,L$40) -> 5 | M22: =COUNTIF(August!$E$17:$AI$23,M$40) -> 52 | N22: =COUNTIF(August!$E$17:$AI$23,N$40) -> 0 | O22: =COUNTIF(August!$E$17:$AI$23,O$40) -> 0 | P22: =COUNTIF(August!$E$17:$AI$23,P$40) -> 0 | Q22: =COUNTIF(August!$E$17:$AI$23,Q$40) -> 10 | ... T22: =COUNTIF(August!$E$17:$AI$23,T$40) -> 0
A23: SUP-Q-PNL | B23: 3 | C23: =COUNTIF(August!E14:AI16,"<>Lock") -> 93 | D23: =COUNTIFS(August!E14:AI16, "<>",August!E14:AI16, "<>Lock") -> 44 | E23: =(D23/C23) -> 0.47311828
A24: DELUXE-PNL | B24: 7 | C24: =COUNTIF(August!E17:AI23,"<>Lock") -> 205 | D24: =COUNTIFS(August!E17:AI23, "<>",August!E17:AI23, "<>Lock") -> 74 | E24: =(D24/C24) -> 0.36097561
H25: 45536
A26: Sep 2024 | H26: Room Type | I26: Total Month | J26: Booking | K26: Agoda | L26: Airbnb | M26: Staff | N26: A26 web | O26: Facebook | P26: Walkin | Q26: Expedia | R26: Traveloka | S26: Travel Agent | T26: Klook
A27: Total Capacity | B27: Day | C27: Month | D27: Room Sold | E27: Occupancy | H27: STD-PNL | I27: =SUM(J27:T27) -> 107 | J27: =COUNTIF(September!$E$4:$AH$9,J$40) -> 22 | K27: =COUNTIF(September!$E$4:$AH$9,K$40) -> 3 | L27: =COUNTIF(September!$E$4:$AH$9,L$40) -> 1 | M27: =COUNTIF(September!$E$4:$AH$9,M$40) -> 68 | N27: =COUNTIF(September!$E$4:$AH$9,N$40) -> 6 | O27: =COUNTIF(September!$E$4:$AH$9,O$40) -> 0 | P27: =COUNTIF(September!$E$4:$AH$9,P$40) -> 0 | Q27: =COUNTIF(September!$E$4:$AH$9,Q$40) -> 5 | ... T27: =COUNTIF(September!$E$4:$AH$9,T$40) -> 1
A28: Total Room | B28: =SUM(B29:B32) -> 19 | C28: =COUNTIF(September!E4:AH23,"<>Lock") -> 567 | D28: =COUNTIFS(September!E4:AH23, "<>", September!E4:AH23, "<>Lock") -> 267 | E28: =(D28/C28) -> 0.47089947 | H28: SUP-PNL | I28: =SUM(J28:T28) -> 50 | J28: =COUNTIF(September!$E$10:$AH$13,J$40) -> 7 | K28: =COUNTIF(September!$E$10:$AH$13,K$40) -> 1 | L28: =COUNTIF(September!$E$10:$AH$13,L$40) -> 0 | M28: =COUNTIF(September!$E$10:$AH$13,M$40) -> 37 | N28: =COUNTIF(September!$E$10:$AH$13,N$40) -> 0 | O28: =COUNTIF(September!$E$10:$AH$13,O$40) -> 0 | P28: =COUNTIF(September!$E$10:$AH$13,P$40) -> 0 | Q28: =COUNTIF(September!$E$10:$AH$13,Q$40) -> 5 | ... T28: =COUNTIF(September!$E$10:$AH$13,T$40) -> 0
A29: STD-PNL | B29: 6 | C29: =COUNTIF(September!E4:AH9,"<>Lock") -> 180 | D29: =COUNTIFS(September!E4:AH9, "<>", September!E4:AH9, "<>Lock") -> 107 | E29: =(D29/C29) -> 0.59444444 | H29: SUP-Q-PNL | I29: =SUM(J29:T29) -> 29 | J29: =COUNTIF(September!$E$14:$AH$16,J$40) -> 4 | K29: =COUNTIF(September!$E$14:$AH$16,K$40) -> 1 | L29: =COUNTIF(September!$E$14:$AH$16,L$40) -> 1 | M29: =COUNTIF(September!$E$14:$AH$16,M$40) -> 19 | N29: =COUNTIF(September!$E$14:$AH$16,N$40) -> 0 | O29: =COUNTIF(September!$E$14:$AH$16,O$40) -> 0 | P29: =COUNTIF(September!$E$14:$AH$16,P$40) -> 0 | Q29: =COUNTIF(September!$E$14:$AH$16,Q$40) -> 4 | ... T29: =COUNTIF(September!$E$14:$AH$16,T$40) -> 0
A30: SUP-PNL | B30: 4 | C30: =COUNTIF(September!E10:AH13,"<>Lock") -> 120 | D30: =COUNTIFS(September!E10:AH13, "<>",September!E10:AH13, "<>Lock") -> 50 | E30: =(D30/C30) -> 0.41666667 | H30: DELUXE - PNL | I30: =SUM(J30:T30) -> 81 | J30: =COUNTIF(September!$E$17:$AH$23,J$40) -> 9 | K30: =COUNTIF(September!$E$17:$AH$23,K$40) -> 0 | L30: =COUNTIF(September!$E$17:$AH$23,L$40) -> 13 | M30: =COUNTIF(September!$E$17:$AH$23,M$40) -> 53 | N30: =COUNTIF(September!$E$17:$AH$23,N$40) -> 0 | O30: =COUNTIF(September!$E$17:$AH$23,O$40) -> 0 | P30: =COUNTIF(September!$E$17:$AH$23,P$40) -> 0 | Q30: =COUNTIF(September!$E$17:$AH$23,Q$40) -> 6 | ... T30: =COUNTIF(September!$E$17:$AH$23,T$40) -> 0
A31: SUP-Q-PNL | B31: 3 | C31: =COUNTIF(September!E14:AH16,"<>Lock") -> 87 | D31: =COUNTIFS(September!E14:AH16, "<>",September!E14:AH16, "<>Lock") -> 29 | E31: =(D31/C31) -> 0.33333333
A32: DELUXE-PNL | B32: 6 | C32: =COUNTIF(September!E17:AH23,"<>Lock") -> 180 | D32: =COUNTIFS(September!E17:AH23, "<>",September!E17:AH23, "<>Lock") -> 81 | E32: =(D32/C32) -> 0.45
H33: 45566
A34: Oct 2024 | H34: Room Type | I34: Total Month | J34: Booking | K34: Agoda | L34: Airbnb | M34: Staff | N34: A26 web | O34: Facebook | P34: Walkin | Q34: Expedia | R34: Traveloka | S34: Travel Agent | T34: Klook
A35: Total Capacity | B35: Day | C35: Month | D35: Room Sold | E35: Occupancy | H35: STD-PNL | I35: =SUM(J35:T35) -> 49 | J35: =COUNTIF(October!$E$4:$AI$9,J$40) -> 9 | K35: =COUNTIF(October!$E$4:$AI$9,K$40) -> 1 | L35: =COUNTIF(October!$E$4:$AI$9,L$40) -> 1 | M35: =COUNTIF(October!$E$4:$AI$9,M$40) -> 29 | N35: =COUNTIF(October!$E$4:$AI$9,N$40) -> 1 | O35: =COUNTIF(October!$E$4:$AI$9,O$40) -> 0 | P35: =COUNTIF(October!$E$4:$AI$9,P$40) -> 0 | Q35: =COUNTIF(October!$E$4:$AI$9,Q$40) -> 8 | ... T35: =COUNTIF(October!$E$4:$AI$9,T$40) -> 0
A36: Total Room | B36: =SUM(B37:B40) -> 19 | C36: =COUNTIF(October!E4:AI23,"<>Lock") -> 558 | D36: =COUNTIFS(October!E4:AI23, "<>",October!E4:AI23, "<>Lock") -> 105 | E36: =(D36/C36) -> 0.18817204 | H36: SUP-PNL | I36: =SUM(J36:T36) -> 21 | J36: =COUNTIF(October!$E$10:$AI$13,J$40) -> 9 | K36: =COUNTIF(October!$E$10:$AI$13,K$40) -> 1 | L36: =COUNTIF(October!$E$10:$AI$13,L$40) -> 0 | M36: =COUNTIF(October!$E$10:$AI$13,M$40) -> 11 | N36: =COUNTIF(October!$E$10:$AI$13,N$40) -> 0 | O36: =COUNTIF(October!$E$10:$AI$13,O$40) -> 0 | P36: =COUNTIF(October!$E$10:$AI$13,P$40) -> 0 | Q36: =COUNTIF(October!$E$10:$AI$13,Q$40) -> 0 | ... T36: =COUNTIF(October!$E$10:$AI$13,T$40) -> 0
A37: STD-PNL | B37: 6 | C37: =COUNTIF(October!E4:AI9,"<>Lock") -> 186 | D37: =COUNTIFS(October!E4:AI9, "<>",October!E4:AI9, "<>Lock") -> 49 | E37: =(D37/C37) -> 0.26344086 | H37: SUP-Q-PNL | I37: =SUM(J37:T37) -> 8 | J37: =COUNTIF(October!$E$14:$AI$16,J$40) -> 0 | K37: =COUNTIF(October!$E$14:$AI$16,K$40) -> 0 | L37: =COUNTIF(October!$E$14:$AI$16,L$40) -> 3 | M37: =COUNTIF(October!$E$14:$AI$16,M$40) -> 3 | N37: =COUNTIF(October!$E$14:$AI$16,N$40) -> 0 | O37: =COUNTIF(October!$E$14:$AI$16,O$40) -> 0 | P37: =COUNTIF(October!$E$14:$AI$16,P$40) -> 0 | Q37: =COUNTIF(October!$E$14:$AI$16,Q$40) -> 2 | ... T37: =COUNTIF(October!$E$14:$AI$16,T$40) -> 0
A38: SUP-PNL | B38: 4 | C38: =COUNTIF(October!E10:AI13,"<>Lock") -> 124 | D38: =COUNTIFS(October!E10:AI13, "<>",October!E10:AI13, "<>Lock") -> 21 | E38: =(D38/C38) -> 0.16935484 | H38: DELUXE - PNL | I38: =SUM(J38:T38) -> 27 | J38: =COUNTIF(October!$E$17:$AI$23,J$40) -> 9 | K38: =COUNTIF(October!$E$17:$AI$23,K$40) -> 0 | L38: =COUNTIF(October!$E$17:$AI$23,L$40) -> 3 | M38: =COUNTIF(October!$E$17:$AI$23,M$40) -> 15 | N38: =COUNTIF(October!$E$17:$AI$23,N$40) -> 0 | O38: =COUNTIF(October!$E$17:$AI$23,O$40) -> 0 | P38: =COUNTIF(October!$E$17:$AI$23,P$40) -> 0 | Q38: =COUNTIF(October!$E$17:$AI$23,Q$40) -> 0 | ... T38: =COUNTIF(October!$E$17:$AI$23,T$40) -> 0
A39: SUP-Q-PNL | B39: 3 | C39: =COUNTIF(October!E14:AI16,"<>Lock") -> 62 | D39: =COUNTIFS(October!E14:AI16, "<>",October!E14:AI16, "<>Lock") -> 8 | E39: =(D39/C39) -> 0.12903226
A40: DELUXE-PNL | B40: 6 | C40: =COUNTIF(October!E17:AI23,"<>Lock") -> 186 | D40: =COUNTIFS(October!E17:AI23, "<>",October!E17:AI23, "<>Lock") -> 27 | E40: =(D40/C40) -> 0.14516129 | J40: Booked_BK | K40: Booked_Ag | L40: Booked_BNB | M40: Booked_CTV | N40: Booked_Web | O40: Booked_FB | P40: Booked_WK | Q40: Booked_Ex | R40: Booked_LK | S40: Booked_TA | T40: Booked_KL
A45: Code | B45: Source | J45: Tháng | K45: Total Room (%)
A46: Booked_BK | B46: Booking | J46: T6/2024 | K46: 0.5167
A47: Booked_Ag | B47: Agoda | J47: T7/2024 | K47: 0.7097
A48: Booked_BNB | B48: Airbnb | J48: T8/2024 | K48: 0.4671
A49: Booked_CTV | B49: Staff | J49: T9/2024 | K49: 0.4709 | N49: Room type | O49: Room sold
A50: Booked_Web | B50: A26 web | J50: T10/2024 | K50: 0.1882 | N50: STD-PNL | O50: =SUM(D5,D13,D21,D29,D37) -> 548
A51: Booked_FB | B51: Facebook | N51: SUP-PNL | O51: =SUM(D6,D14,D22,D30,D38) -> 282
A52: Booked_WK | B52: Walkin | N52: SUP-Q-PNL | O52: =SUM(D7,D15,D23,D31,D39) -> 169
A53: Booked_Ex | B53: Expedia | N53: DELUXE-PNL | O53: =SUM(D8,D16,D24,D32,D40) -> 407
A54: Booked_LK | B54: Traveloka | N54: Total | O54: =SUM(O50:O53) -> 1406
A55: Booked_TA | B55: Travel Agent
A56: Booked_KL | B56: Klook
J61: Tháng | K61: Direct (Phòng) | L61: OTA / Kênh khác (Phòng) | N61: Source | O61: Room sold | P61: Rev room sold
J62: T6/2024 | K62: =SUM(M4:P7) -> 225 | L62: =SUM(J4:L7,Q4:T7) -> 85 | N62: Booking | O62: =SUM(J4:J7,J11:J14,J19:J22,J27:J30,J35:J38) -> 101 | P62: =O62/$O$68 -> 0.071834993
J63: T7/2024 | K63: =SUM(M11:P14) -> 339 | L63: =SUM(J11:L14,Q11:T14) -> 101 | N63: Agoda | O63: =SUM(K4:K7,K11:K14,K19:K22,K27:K30,K35:K38) -> 143 | P63: =O63/$O$68 -> 0.10170697
J64: T8/2024 | K64: =SUM(M19:P22) -> 219 | L64: =SUM(J19:L22,Q19:T22) -> 65 | N64: Airbnb | O64: =SUM(L4:L7,L11:L14,L19:L22,L27:L30,L35:L38) -> 85 | P64: =O64/$O$68 -> 0.060455192
J65: T9/2024 | K65: 183 | L65: =SUM(J27:L30,Q27:T30) -> 84 | N65: Staff | O65: =SUM(M4:M7,M11:M14,M19:M22,M27:M30,M35:M38) -> 983 | P65: =O65/$O$68 -> 0.69914651
J66: T10/2024 | K66: =SUM(M35:P38) -> 59 | L66: =SUM(J35:L38,Q35:T38) -> 46 | N66: A26 web | O66: =SUM(N4:N7,N11:N14,N19:N22,N27:N30,N35:N38) -> 41 | P66: =O66/$O$68 -> 0.02916074
J67: Tổng cộng | K67: =SUM(K62:K66) -> 1025 | L67: =SUM(L62:L66) -> 381 | N67: Other | O67: =SUM(O4:T7,O11:T14,O19:T22,O27:T30,O35:T38) -> 53 | P67: =O67/$O$68 -> 0.03769559
N68: Total | O68: =SUM(O62:O67) -> 1406 | P68: =SUM(P62:P67) -> 1
H75: Room Type | I75: Revenue | J75: Rev Share
H76: STD-PNL | I76: =SUMIF('A26 Pham Ngu Lao'!$C:$C, H76, 'A26 Pham Ngu Lao'!$H:$H) -> 289741396 | J76: =I76/$I$80 -> 0.3575061
H77: SUP-PNL | I77: =SUMIF('A26 Pham Ngu Lao'!$C:$C, H77, 'A26 Pham Ngu Lao'!$H:$H) -> 162262419 | J77: =I77/$I$80 -> 0.20021235
H78: SUP-Q-PNL | I78: =SUMIF('A26 Pham Ngu Lao'!$C:$C, H78, 'A26 Pham Ngu Lao'!$H:$H) -> 106069937 | J78: =I78/$I$80 -> 0.13087757
H79: DELUXE-PNL | I79: =SUMIF('A26 Pham Ngu Lao'!$C:$C, H79, 'A26 Pham Ngu Lao'!$H:$H) -> 252377863 | J79: =I79/$I$80 -> 0.31140399
H80: Total | I80: =SUM(I76:I79) -> 810451615 | J80: =SUM(J76:J79) -> 1 | N80: Nhãn Hàng | O80: Trung bình của giá tiền phòng
N81: Booked_CTV | O81: 582657.17
N82: Booked_TA | O82: 507861.11
N83: ONLINE | O83: 612963.78
N84: OTA | O84: 569024.06
N85: Tổng Cuối | O85: 588030.17

Sheet August
B1: A26 PNL | E1: August 2024
E2: Thu | F2: Fri | G2: Sat | H2: Sun | I2: Mon | J2: Tue | K2: Wed | L2: Thu | M2: Fri | N2: Sat | O2: Sun | P2: Mon | Q2: Tue | R2: Wed | S2: Thu | T2: Fri | U2: Sat | V2: Sun | W2: Mon | X2: Tue | Y2: Wed | Z2: Thu | AA2: Fri | AB2: Sat | AC2: Sun | AD2: Mon | AE2: Tue | AF2: Wed | AG2: Thu | AH2: Fri | AI2: Sat
A3: No | B3: Room type | C3: Room No | D3: Capacity (pax) | E3: 45505 | F3: 45506 | G3: 45507 | H3: 45508 | I3: 45509 | J3: 45510 | K3: 45511 | L3: 45512 | M3: 45513 | N3: 45514 | O3: 45515 | P3: 45516 | Q3: 45517 | R3: 45518 | S3: 45519 | T3: 45520 | U3: 45521 | V3: 45522 | W3: 45523 | X3: 45524 | Y3: 45525 | Z3: 45526 | AA3: 45527 | AB3: 45528 | AC3: 45529 | AD3: 45530 | AE3: 45531 | AF3: 45532 | AG3: 45533 | AH3: 45534 | AI3: 45535
A4: 1 | B4: STD-PNL | C4: 101 | D4: 2 | M4: Booked_CTV | N4: Booked_CTV | O4: Booked_BK | S4: Booked_Ag | T4: Booked_CTV | X4: Booked_CTV | AA4: Booked_CTV | AB4: Booked_CTV | AC4: Booked_CTV | AF4: Booked_CTV
A5: 2 | B5: STD-PNL | C5: 201 | D5: 2 | E5: Booked_Ag | F5: Booked_Ag | G5: Booked_Ag | H5: Booked_CTV | I5: Booked_CTV | M5: Booked_CTV | N5: Booked_CTV | O5: Booked_BK | P5: Booked_BK | Q5: Booked_BK | R5: Booked_BK | S5: Booked_CTV | T5: Booked_CTV | U5: Booked_CTV | V5: Booked_CTV | W5: Booked_CTV | AB5: Booked_CTV | AC5: Booked_CTV | AD5: Booked_CTV | AE5: Booked_CTV | AF5: Booked_CTV | AG5: Booked_CTV | AI5: Booked_CTV
A6: 3 | B6: STD-PNL | C6: 301 | D6: 2 | E6: Booked_CTV | F6: Booked_CTV | G6: Booked_CTV | H6: Booked_CTV | J6: Booked_CTV | K6: Booked_CTV | N6: Booked_Ag | O6: Booked_Ag | P6: Booked_CTV | S6: Booked_BK | T6: Booked_CTV | U6: Booked_CTV | W6: Booked_CTV | AB6: Booked_CTV | AC6: Booked_CTV | AD6: Booked_CTV | AE6: Booked_CTV | AF6: Booked_CTV | AG6: Booked_CTV | AH6: Booked_Ag | AI6: Booked_Ag
A7: 4 | B7: STD-PNL | C7: 401 | D7: 2 | E7: Booked_CTV | F7: Booked_CTV | G7: Booked_CTV | K7: Booked_BK | O7: Booked_Ag | P7: Booked_Ag | Q7: Booked_Ag | R7: Booked_Ag | S7: Booked_CTV | T7: Booked_CTV | U7: Booked_CTV | V7: Booked_CTV | Y7: Booked_CTV | Z7: Booked_CTV | AA7: Booked_CTV | AB7: Booked_CTV | AC7: Booked_CTV | AE7: Booked_CTV | AG7: Booked_Ag | AI7: Booked_CTV
A8: 5 | B8: STD-PNL | C8: 501 | D8: 2 | F8: Booked_CTV | I8: Booked_CTV | J8: Booked_CTV | K8: Booked_CTV | L8: Booked_CTV | O8: Booked_CTV | P8: Booked_Ag | T8: Booked_CTV | U8: Booked_CTV | W8: Booked_CTV | Z8: Booked_CTV | AB8: Booked_CTV | AC8: Booked_CTV | AD8: Booked_CTV | AE8: Booked_CTV | AF8: Booked_CTV | AH8: Booked_CTV | AI8: Booked_CTV
A9: 6 | B9: STD-PNL | C9: 601 | D9: 2 | E9: Booked_CTV | F9: Booked_CTV | G9: Booked_BNB | H9: Booked_BNB | I9: Booked_BNB | K9: Booked_CTV | M9: Booked_CTV | N9: Booked_CTV | O9: Booked_CTV | X9: Booked_CTV | Y9: Booked_CTV | Z9: Booked_CTV | AB9: Booked_CTV | AC9: Booked_CTV | AD9: Booked_CTV | AE9: Booked_CTV | AF9: Booked_CTV | AG9: Booked_CTV | AH9: Booked_CTV | AI9: Booked_CTV
A10: 7 | B10: SUP-PNL | C10: 102 | D10: 2 | E10: Booked_CTV | F10: Booked_CTV | G10: Booked_CTV | P10: Booked_Ag | Q10: Booked_Ag | Z10: Booked_CTV | AI10: Booked_CTV
A11: 8 | B11: SUP-PNL | C11: 202 | D11: 2 | F11: Booked_CTV | G11: Booked_CTV | J11: Booked_CTV | S11: Booked_CTV | T11: Booked_CTV | U11: Booked_CTV | V11: Booked_CTV | W11: Booked_CTV | X11: Booked_CTV | Z11: Booked_CTV | AA11: Booked_CTV | AB11: Booked_CTV | AC11: Booked_CTV | AD11: Booked_CTV | AE11: Booked_CTV | AF11: Booked_CTV | AI11: Booked_CTV
A12: 9 | B12: SUP-PNL | C12: 302 | D12: 2 | E12: Booked_BNB | F12: Booked_BNB | G12: Booked_BNB | J12: Booked_CTV | K12: Booked_CTV | N12: Booked_CTV | U12: Booked_CTV | W12: Booked_CTV | Y12: Booked_CTV | Z12: Booked_BNB | AA12: Booked_BNB | AB12: Booked_BNB | AC12: Booked_BNB | AI12: Booked_CTV
A13: 10 | B13: SUP-PNL | C13: 402 | D13: 2 | E13: Booked_CTV | F13: Booked_BK | G13: Booked_CTV | H13: Booked_CTV | I13: Booked_CTV | M13: Booked_CTV | N13: Booked_CTV | R13: Booked_CTV | Y13: Booked_CTV | Z13: Booked_CTV | AA13: Booked_CTV | AB13: Booked_CTV | AC13: Booked_CTV | AD13: Booked_CTV | AE13: Booked_CTV | AF13: Booked_CTV
A14: 11 | B14: SUP-Q-PNL | C14: 502 | D14: 2 | E14: Booked_CTV | F14: Booked_Ag | G14: Booked_Ag | H14: Booked_Ag | I14: Booked_Ag | L14: Booked_CTV | M14: Booked_CTV | Q14: Booked_CTV | R14: Booked_CTV | S14: Booked_CTV | T14: Booked_CTV | U14: Booked_CTV | V14: Booked_CTV | W14: Booked_CTV | X14: Booked_CTV | Y14: Booked_CTV | Z14: Booked_CTV | AA14: Booked_CTV | AB14: Booked_CTV | AC14: Booked_CTV | AD14: Booked_CTV | AE14: Booked_CTV
A15: 12 | B15: SUP-Q-PNL | C15: 602 | D15: 2 | E15: Booked_CTV | F15: Booked_KL | G15: Booked_KL | H15: Booked_KL | R15: Booked_CTV | S15: Booked_CTV | T15: Booked_CTV | V15: Booked_CTV | W15: Booked_CTV | X15: Booked_CTV | AC15: Booked_CTV | AD15: Booked_Ex | AE15: Booked_Ex | AG15: Booked_CTV | AH15: Booked_CTV | AI15: Booked_CTV
A16: 13 | B16: SUP-Q-PNL | C16: 702 | D16: 2 | G16: Booked_CTV | H16: Booked_CTV | AC16: Booked_CTV | AD16: Booked_CTV | AE16: Booked_CTV | AF16: Booked_CTV
A17: 14 | B17: DELUXE-PNL | C17: 103 | D17: 2 | I17: Booked_CTV | J17: Booked_CTV | K17: Booked_CTV | R17: Booked_CTV
A18: 15 | B18: DELUXE-PNL | C18: 203 | D18: 2 | I18: Booked_CTV | J18: Booked_CTV | K18: Booked_CTV | N18: Booked_CTV | R18: Booked_Ex | S18: Booked_Ex | T18: Booked_Ex | U18: Booked_Ex | V18: Booked_Ex | W18: Booked_Ex | X18: Booked_Ex | AE18: Booked_BNB | AF18: Booked_BNB
A19: 16 | B19: DELUXE-PNL | C19: 303 | D19: 2 | G19: Booked_CTV | I19: Booked_CTV | J19: Booked_CTV | K19: Booked_CTV | R19: Booked_CTV | S19: Booked_Ex | T19: Booked_Ex | U19: Booked_BNB | V19: Booked_BNB | W19: Booked_BNB | X19: Booked_Ag
A20: 17 | B20: DELUXE-PNL | C20: 403 | D20: 2 | G20: Booked_CTV | H20: Booked_CTV | I20: Booked_CTV | T20: Booked_CTV | U20: Booked_CTV | V20: Booked_CTV | W20: Booked_CTV | Y20: Booked_CTV | Z20: Booked_CTV | AA20: Booked_CTV | AD20: Booked_CTV | AE20: Booked_CTV | AF20: Booked_CTV | AG20: Booked_CTV | AH20: Booked_CTV | AI20: Booked_CTV
A21: 18 | B21: DELUXE-PNL | C21: 503 | D21: 2 | G21: Booked_CTV | H21: Booked_CTV | I21: Booked_CTV | N21: Booked_CTV | W21: Booked_Ex | Y21: Booked_CTV | Z21: Booked_CTV | AA21: Booked_CTV | AB21: Booked_CTV | AD21: Booked_CTV | AE21: Booked_CTV | AF21: Booked_CTV | AH21: Booked_CTV
A22: 19 | B22: DELUXE-PNL | C22: 603 | D22: 2 | E22: Booked_CTV | F22: Booked_CTV | G22: Booked_CTV | H22: Booked_CTV | I22: Booked_CTV | J22: Booked_CTV | M22: Booked_BK | N22: Booked_BK | O22: Booked_BK | U22: Booked_CTV | X22: Booked_Ag | Y22: Booked_Ag | Z22: Booked_Ag | AA22: Booked_CTV | AB22: Booked_CTV | AD22: Booked_CTV | AI22: Booked_CTV
A23: 20 | B23: DELUXE-PNL | C23: 703 | D23: 2 | X23: Lock | Y23: Lock | Z23: Lock | AA23: Lock | AB23: Lock | AC23: Lock | AD23: Lock | AE23: Lock | AF23: Lock | AG23: Lock | AH23: Lock | AI23: Lock
A24: 21 | B24: MB-PNL | C24: MB-PNL | D24: 1 | E24: Lock | F24: Lock | G24: Lock | H24: Lock | I24: Lock | J24: Lock | K24: Lock | L24: Lock | M24: Lock | N24: Lock | O24: Lock | P24: Lock | Q24: Lock | R24: Lock | S24: Lock | T24: Lock | U24: Lock | V24: Lock | W24: Lock | X24: Lock | Y24: Lock | Z24: Lock | AA24: Lock | AB24: Lock | AC24: Lock | AD24: Lock | AE24: Lock | AF24: Lock | AG24: Lock | AH24: Lock | AI24: Lock
G27: Room sold by | K27: Room Empty | Q27: Room Analyst
B28: TOTAL CAPACITY | C28: Day | D28: Week | E28: Month | G28: Room Type | H28: Day | I28: Week | J28: Month | K28: Room Type | L28: Day | M28: Week | N28: Month | Q28: TOTAL CAPACITY | R28: Day | S28: Month | T28: Room sold | U28: Occupancy
B29: Total room: | C29: 21 | D29: =C29*7 -> 147 | E29: =C29*31 -> 651 | H29: 45505 | I29: 6/8 - 12/8 | J29: August | L29: 45505 | M29: 6/8 - 12/8 | N29: August | Q29: Total room: | R29: 20 | S29: 651 | T29: =SUM(T30:T33) -> 284 | U29: =T29/S29 -> 0.43625192
B30: STD-PNL | C30: 6 | D30: =C30*7 -> 42 | E30: =C30*31 -> 186 | G30: STD-PNL | H30: =COUNTA(E4:E9) -> 4 | I30: =COUNTA(J4:P9) -> 24 | J30: =COUNTA(E4:AI9) -> 112 | K30: STD-PNL | L30: =COUNTBLANK(E4:E9) -> 2 | M30: =COUNTBLANK(J4:P9) -> 18 | N30: =COUNTBLANK(E4:AI9) -> 74 | Q30: STD-PNL | R30: 6 | S30: 186 | T30: 112 | U30: =T30/S30 -> 0.60215054
B31: SUP-PNL | C31: 4 | D31: =C31*7 -> 28 | E31: =C31*31 -> 124 | G31: SUP-PNL | H31: =COUNTA(E10:E13) -> 3 | J31: =COUNTA(E10:AI13) -> 54 | K31: SUP-PNL | L31: =COUNTBLANK(I10:I14) -> 3 | N31: =COUNTBLANK(E10:AI13) -> 70 | Q31: SUP-PNL | R31: 4 | S31: 124 | T31: 54 | U31: =T31/S31 -> 0.43548387
B32: SUP-Q-PNL | C32: 3 | D32: =C32*7 -> 21 | E32: =C32*31 -> 93 | G32: SUP-Q-PNL | H32: =COUNTA(E14:E16) -> 2 | J32: =COUNTA(E14:AI16) -> 44 | K32: SUP-Q-PNL | L32: =COUNTBLANK(I14:I16) -> 2 | N32: =COUNTBLANK(E14:AI16) -> 49 | Q32: SUP-Q-PNL | R32: 3 | S32: 93 | T32: 44 | U32: =T32/S32 -> 0.47311828
B33: DELUXE - PNL | C33: 7 | D33: =C33*7 -> 49 | E33: =C33*31 -> 217 | G33: DELUXE - PNL | H33: =COUNTA(E17:E23) -> 1 | J33: 74 | K33: DELUXE - PNL | L33: =COUNTBLANK(I17:I23) -> 1 | N33: =COUNTBLANK(E17:AI23) -> 131 | Q33: DELUXE - PNL | R33: 7 | S33: 217 | T33: 74 | U33: =T33/S33 -> 0.34101382
B34: MB - PNL | C34: 1 | D34: =C34*7 -> 7 | E34: =C34*31 -> 31 | G34: MB - PNL | H34: =COUNTA(E24) -> 1 | K34: MB - PNL | L34: =COUNTBLANK(I24) -> 0
G37: Room sold by channel
B38: Code | C38: Source | G38: Source | H38: Day | I38: Week | J38: Month | M38: Monthly Analyst
B39: Booked_BK | C39: Booking | G39: Booking | J39: =COUNTIF($E$4:$AI$24,B39) -> 11 | M39: Room Type | N39: Total Month | O39: Booking | P39: Agoda | Q39: Airbnb | R39: Staff | S39: A26 web | T39: Facebook | U39: Walkin | V39: Expedia | W39: Traveloka | X39: Travel Agent | Y39: Klook
B40: Booked_Ag | C40: Agoda | G40: Agoda | J40: =COUNTIF($E$4:$AI$24,B40) -> 24 | M40: STD-PNL | N40: 112 | O40: =COUNTIF($E$4:$AI$9,O44) -> 7 | P40: =COUNTIF($E$4:$AI$9,P44) -> 14 | Q40: =COUNTIF($E$4:$AI$9,Q44) -> 3 | R40: =COUNTIF($E$4:$AI$9,R44) -> 88 | S40: =COUNTIF($E$4:$AI$9,S44) -> 0 | T40: =COUNTIF($E$4:$AI$9,T44) -> 0 | U40: =COUNTIF($E$4:$AI$9,U44) -> 0 | V40: =COUNTIF($E$4:$AI$9,V44) -> 0 | ... Y40: =COUNTIF($E$4:$AI$9,Y44) -> 0
B41: Booked_BNB | C41: Airbnb | G41: Airbnb | J41: =COUNTIF($E$4:$AI$24,B41) -> 15 | M41: SUP-PNL | N41: 54 | O41: =COUNTIF($E$10:$AI$13,O44) -> 1 | P41: =COUNTIF($E$10:$AI$13,P44) -> 2 | Q41: =COUNTIF($E$10:$AI$13,Q44) -> 7 | R41: =COUNTIF($E$10:$AI$13,R44) -> 44 | S41: =COUNTIF($E$10:$AI$13,S44) -> 0 | T41: =COUNTIF($E$10:$AI$13,T44) -> 0 | U41: =COUNTIF($E$10:$AI$13,U44) -> 0 | V41: =COUNTIF($E$10:$AI$13,V44) -> 0 | ... Y41: =COUNTIF($E$10:$AI$13,Y44) -> 0
B42: Booked_CTV | C42: Staff | G42: Staff | J42: =COUNTIF($E$4:$AI$24,B42) -> 219 | M42: SUP-Q-PNL | N42: 44 | O42: =COUNTIF($E$14:$AI$16,O44) -> 0 | P42: =COUNTIF($E$14:$AI$16,P44) -> 4 | Q42: =COUNTIF($E$14:$AI$16,Q44) -> 0 | R42: =COUNTIF($E$14:$AI$16,R44) -> 35 | S42: =COUNTIF($E$14:$AI$16,S44) -> 0 | T42: =COUNTIF($E$14:$AI$16,T44) -> 0 | U42: =COUNTIF($E$14:$AI$16,U44) -> 0 | V42: =COUNTIF($E$14:$AI$16,V44) -> 2 | ... Y42: =COUNTIF($E$14:$AI$16,Y44) -> 3
B43: Booked_Web | C43: A26 web | G43: A26 web | J43: =COUNTIF($E$4:$AI$24,B43) -> 0 | M43: DELUXE - PNL | N43: 86 | O43: =COUNTIF($E$17:$AI$23,O44) -> 3 | P43: =COUNTIF($E$17:$AI$23,P44) -> 4 | Q43: =COUNTIF($E$17:$AI$23,Q44) -> 5 | R43: =COUNTIF($E$17:$AI$23,R44) -> 52 | S43: =COUNTIF($E$17:$AI$23,S44) -> 0 | T43: =COUNTIF($E$17:$AI$23,T44) -> 0 | U43: =COUNTIF($E$17:$AI$23,U44) -> 0 | V43: =COUNTIF($E$17:$AI$23,V44) -> 10 | ... Y43: =COUNTIF($E$17:$AI$23,Y44) -> 0
B44: Booked_FB | C44: Facebook | G44: Facebook | J44: =COUNTIF($E$4:$AI$24,B44) -> 0 | O44: Booked_BK | P44: Booked_Ag | Q44: Booked_BNB | R44: Booked_CTV | S44: Booked_Web | T44: Booked_FB | U44: Booked_WK | V44: Booked_Ex | W44: Booked_LK | X44: Booked_TA | Y44: Booked_KL
B45: Booked_WK | C45: Walkin | G45: Walkin | J45: =COUNTIF($E$4:$AI$24,B45) -> 0
B46: Booked_Ex | C46: Expedia | G46: Expedia | J46: =COUNTIF($E$4:$AI$24,B46) -> 12
B47: Booked_LK | C47: Traveloka | G47: Traveloka | J47: =COUNTIF($E$4:$AI$24,B47) -> 0
B48: Booked_TA | C48: Travel Agent | G48: Travel Agent | J48: =COUNTIF($E$4:$AI$24,B48) -> 0
B49: Booked_KL | C49: Klook | G49: Klook | J49: =COUNTIF($E$4:$AI$24,B49) -> 3

Sheet June
B1: A26 Benthanh | E1: June 2024
E2: Sat | F2: Sun | G2: Mon | H2: Tue | I2: Wed | J2: Thu | K2: Fri | L2: Sat | M2: Sun | N2: Mon | O2: Tue | P2: Wed | Q2: Thu | R2: Fri | S2: Sat | T2: Sun | U2: Mon | V2: Tue | W2: Wed | X2: Thu | Y2: Fri | Z2: Sat | AA2: Sun | AB2: Mon | AC2: Tue | AD2: Wed | AE2: Thu | AF2: Fri | AG2: Sat | AH2: Sun
A3: No | B3: Room type | C3: Room No | D3: Capacity (pax) | E3: 45444 | F3: 45445 | G3: 45446 | H3: 45447 | I3: 45448 | J3: 45449 | K3: 45450 | L3: 45451 | M3: 45452 | N3: 45453 | O3: 45454 | P3: 45455 | Q3: 45456 | R3: 45457 | S3: 45458 | T3: 45459 | U3: 45460 | V3: 45461 | W3: 45462 | X3: 45463 | Y3: 45464 | Z3: 45465 | AA3: 45466 | AB3: 45467 | AC3: 45468 | AD3: 45469 | AE3: 45470 | AF3: 45471 | AG3: 45472 | AH3: 45473
A4: 1 | B4: STD-PNL | C4: 101 | D4: 2 | E4: Booked_CTV | M4: Booked_CTV | Q4: Booked_CTV | R4: Booked_Ag
A5: 2 | B5: STD-PNL | C5: 201 | D5: 2 | E5: Booked_CTV | J5: Booked_Web | N5: Booked_CTV | O5: Booked_CTV | P5: Booked_CTV | Q5: Booked_CTV | R5: Booked_CTV | S5: Booked_CTV | T5: Booked_CTV | W5: Booked_CTV | X5: Booked_Ag | Z5: Booked_CTV | AA5: Booked_CTV | AB5: Booked_CTV | AC5: Booked_CTV | AD5: Booked_CTV | AE5: Booked_CTV | AG5: Booked_Ag | AH5: Booked_Ag
A6: 3 | B6: STD-PNL | C6: 301 | D6: 2 | E6: Booked_Web | H6: Booked_CTV | I6: Booked_CTV | J6: Booked_CTV | L6: Booked_CTV | M6: Booked_CTV | N6: Booked_CTV | O6: Booked_CTV | P6: Booked_Ag | Q6: Booked_CTV | R6: Booked_Ag | S6: Booked_Ag | T6: Booked_Ag | U6: Booked_Web | V6: Booked_Web | W6: Booked_Web | X6: Booked_Ag | Y6: Booked_Ag | Z6: Booked_Ag | AA6: Booked_Ag | AB6: Booked_Ag | AC6: Booked_Ag | AD6: Booked_Ag | AE6: Booked_CTV | AF6: Booked_CTV | AG6: Booked_CTV | AH6: Booked_CTV
A7: 4 | B7: STD-PNL | C7: 401 | D7: 2 | E7: Booked_CTV | F7: Booked_CTV | H7: Booked_CTV | I7: Booked_CTV | J7: Booked_CTV | L7: Booked_CTV | M7: Booked_CTV | N7: Booked_CTV | P7: Booked_CTV | Q7: Booked_CTV | R7: Booked_CTV | S7: Booked_CTV | T7: Booked_CTV | U7: Booked_CTV | W7: Booked_CTV | X7: Booked_CTV | Y7: Booked_CTV | Z7: Booked_CTV | AA7: Booked_CTV | AB7: Booked_CTV | AC7: Booked_CTV | AD7: Booked_BNB | AE7: Booked_BNB | AG7: Booked_Ag | AH7: Booked_CTV
A8: 5 | B8: STD-PNL | C8: 501 | D8: 2 | E8: Booked_Web | H8: Booked_CTV | J8: Booked_CTV | L8: Booked_CTV | M8: Booked_CTV | P8: Booked_CTV | Q8: Booked_CTV | R8: Booked_CTV | S8: Booked_CTV | T8: Booked_Ag | W8: Booked_Ag | X8: Booked_Ag | Y8: Booked_CTV | AA8: Booked_CTV | AC8: Booked_CTV | AD8: Booked_CTV | AE8: Booked_CTV | AF8: Booked_CTV | AG8: Booked_CTV | AH8: Booked_CTV
A9: 6 | B9: STD-PNL | C9: 601 | D9: 2 | F9: Booked_CTV | H9: Booked_CTV | J9: Booked_Web | K9: Booked_CTV | M9: Booked_CTV | N9: Booked_CTV | Q9: Booked_CTV | R9: Booked_CTV | S9: Booked_Ag | T9: Booked_CTV | U9: Booked_Ag | V9: Booked_Ag | W9: Booked_CTV | X9: Booked_CTV | Y9: Booked_CTV | Z9: Booked_Ag | AA9: Booked_Ag | AB9: Booked_Ag | AC9: Booked_Ag | AD9: Booked_Ag | AE9: Booked_Ag | AF9: Booked_Ag | AG9: Booked_Ag | AH9: Booked_Ag
A10: 7 | B10: SUP-PNL | C10: 102 | D10: 2 | F10: Booked_CTV | H10: Booked_CTV | I10: Booked_CTV | K10: Booked_Ag | Q10: Booked_CTV | R10: Booked_CTV | S10: Booked_CTV | T10: Booked_CTV | AB10: Booked_CTV | AC10: Booked_CTV | AE10: Booked_CTV | AG10: Booked_CTV
A11: 8 | B11: SUP-PNL | C11: 202 | D11: 2 | F11: Booked_BK | H11: Booked_CTV | J11: Booked_Web | R11: Booked_Ag | S11: Booked_Ag | U11: Booked_CTV | X11: Booked_Ag | Y11: Booked_CTV | Z11: Booked_CTV | AB11: Booked_CTV | AC11: Booked_CTV | AD11: Booked_CTV | AE11: Booked_CTV | AF11: Booked_CTV | AG11: Booked_CTV | AH11: Booked_CTV
A12: 9 | B12: SUP-PNL | C12: 302 | D12: 2 | E12: Booked_CTV | G12: Booked_BK | H12: Booked_BK | I12: Booked_BK | J12: Booked_CTV | L12: Booked_CTV | O12: Booked_CTV | P12: Booked_Ag | Q12: Booked_Ag | R12: Booked_Ag | S12: Booked_Ag | V12: Booked_CTV | Y12: Booked_CTV | Z12: Booked_CTV | AA12: Booked_CTV | AB12: Booked_CTV | AC12: Booked_CTV | AD12: Booked_CTV | AE12: Booked_CTV | AF12: Booked_BK | AG12: Booked_BK | AH12: Booked_CTV
A13: 10 | B13: SUP-PNL | C13: 402 | D13: 2 | K13: Booked_CTV | O13: Booked_CTV | P13: Booked_CTV | Q13: Booked_CTV | R13: Booked_CTV | S13: Booked_CTV | T13: Booked_CTV | U13: Booked_CTV | X13: Booked_CTV | Z13: Booked_Ag | AA13: Booked_Ag | AB13: Booked_Ag | AC13: Booked_Ag | AD13: Booked_CTV | AE13: Booked_Ag | AF13: Booked_Ag | AG13: Booked_CTV | AH13: Booked_CTV
A14: 11 | B14: SUP-Q-PNL | C14: 502 | D14: 2 | E14: Booked_FB | H14: Booked_CTV | J14: Booked_Ag | L14: Booked_CTV | N14: Booked_BNB | O14: Booked_CTV | Q14: Booked_CTV | R14: Booked_CTV | S14: Booked_CTV | T14: Booked_CTV | U14: Booked_CTV | X14: Booked_BNB | Y14: Booked_BNB | AA14: Booked_Ag | AE14: Booked_BK | AF14: Booked_CTV | AG14: Booked_CTV | AH14: Booked_CTV
A15: 12 | B15: SUP-Q-PNL | C15: 602 | D15: 2 | F15: Booked_BNB | J15: Booked_BNB | K15: Booked_BNB | M15: Booked_CTV | N15: Booked_Web | O15: Booked_Web | P15: Booked_Ag | Q15: Booked_Ag | R15: Booked_CTV | U15: Booked_CTV | W15: Booked_BK | Z15: Booked_Ag | AA15: Booked_CTV | AC15: Booked_CTV | AE15: Booked_CTV | AF15: Booked_CTV | AH15: Booked_CTV
A16: 13 | B16: SUP-Q-PNL | C16: 702 | D16: 2
A17: 14 | B17: DELUXE-PNL | C17: 103 | D17: 2 | AF17: Booked_CTV
A18: 15 | B18: DELUXE-PNL | C18: 203 | D18: 2 | L18: Booked_CTV | M18: Booked_CTV | N18: Booked_CTV | O18: Booked_CTV | Q18: Booked_CTV | S18: Booked_CTV | T18: Booked_CTV | AG18: Booked_Web | AH18: Booked_Web
A19: 16 | B19: DELUXE-PNL | C19: 303 | D19: 2 | G19: Booked_CTV | I19: Booked_CTV | L19: Booked_CTV | M19: Booked_CTV | N19: Booked_CTV | O19: Booked_CTV | Q19: Booked_CTV | U19: Booked_Web | V19: Booked_Web | W19: Booked_Web | Z19: Booked_CTV | AA19: Booked_CTV | AB19: Booked_CTV | AG19: Booked_CTV | AH19: Booked_CTV
A20: 17 | B20: DELUXE-PNL | C20: 403 | D20: 2 | J20: Booked_CTV | K20: Booked_Web | L20: Booked_Web | M20: Booked_Web | O20: Booked_Web | P20: Booked_Web | Q20: Booked_Web | R20: Booked_BNB | S20: Booked_BNB | T20: Booked_BNB | U20: Booked_Web | V20: Booked_Web | W20: Booked_Web | Z20: Booked_CTV | AA20: Booked_CTV | AG20: Booked_BNB | AH20: Booked_BNB
A21: 18 | B21: DELUXE-PNL | C21: 503 | D21: 2 | H21: Booked_CTV | J21: Booked_CTV | K21: Booked_CTV | L21: Booked_CTV | N21: Booked_CTV | O21: Booked_CTV | P21: Booked_BNB | R21: Booked_CTV | S21: Booked_CTV | T21: Booked_CTV | U21: Booked_CTV | V21: Booked_CTV | W21: Booked_BNB | X21: Booked_BNB | Y21: Booked_CTV | AE21: Booked_CTV | AF21: Booked_CTV | AG21: Booked_CTV | AH21: Booked_CTV
A22: 19 | B22: DELUXE-PNL | C22: 603 | D22: 2 | J22: Booked_CTV | K22: Booked_CTV | L22: Booked_CTV | M22: Booked_CTV | N22: Booked_CTV | P22: Booked_BNB | Q22: Booked_BNB | R22: Booked_BNB | S22: Booked_BNB | T22: Booked_BNB | U22: Booked_BNB | V22: Booked_BNB | W22: Booked_BNB | X22: Booked_BNB | Y22: Booked_BNB | Z22: Booked_BNB | AD22: Booked_CTV | AE22: Booked_CTV | AF22: Booked_CTV | AG22: Booked_CTV | AH22: Booked_CTV
A23: 20 | B23: DELUXE-PNL | C23: 703 | D23: 2 | M23: Booked_CTV | N23: Booked_CTV | O23: Booked_CTV | AC23: Booked_CTV | AD23: Booked_CTV | AE23: Booked_CTV
A24: 21 | B24: MB-PNL | C24: MB-PNL | D24: 1 | E24: Lock | F24: Lock | G24: Lock | H24: Lock | I24: Lock | J24: Lock | K24: Lock | L24: Lock | M24: Lock | N24: Lock | O24: Lock | P24: Lock | Q24: Lock | R24: Lock | S24: Lock | T24: Lock | U24: Lock | V24: Lock | W24: Lock | X24: Lock | Y24: Lock | Z24: Lock | AA24: Lock | AB24: Lock | AC24: Lock | AD24: Lock | AE24: Lock | AF24: Lock | AG24: Lock | AH24: Lock
G27: Room sold by Type | K27: Room Empty | Q27: Room Analyst
B28: TOTAL CAPACITY | C28: Day | D28: Week | E28: Month | G28: Room Type | H28: Day | I28: Week | J28: Month | K28: Room Type | L28: Day | M28: Week | N28: Month | Q28: TOTAL CAPACITY | R28: Day | S28: Month | T28: Room sold | U28: Occupancy
B29: Total room: | C29: 21 | D29: =C29*7 -> 147 | E29: =C29*30 -> 630 | H29: 45444 | I29: 6/6 - 12/6 | J29: June | L29: 45444 | M29: 6/6 - 12/6 | N29: June | Q29: Total room: | R29: =SUM(R30:R33) -> 20 | S29: =R29*30 -> 600 | T29: =SUM(T30:T33) -> 310 | U29: =T29/S29 -> 0.51666667
B30: STD-PNL | C30: 6 | D30: =C30*7 -> 42 | E30: =C30*30 -> 180 | G30: STD-PNL | H30: =COUNTA(E4:E9) -> 5 | I30: =COUNTA(J4:P9) -> 24 | J30: =COUNTA('Visualize-6-months'!D4) -> 1 | K30: STD-PNL | L30: =COUNTBLANK(E4:E9) -> 1 | M30: =COUNTBLANK(J4:P9) -> 18 | N30: =COUNTBLANK(E4:AH9) -> 61 | Q30: STD-PNL | R30: 6 | S30: =R30*30 -> 180 | T30: 119 | U30: =T30/S30 -> 0.66111111
B31: SUP-PNL | C31: 4 | D31: =C31*7 -> 28 | E31: =C31*30 -> 120 | G31: SUP-PNL | H31: =COUNTA(E10:E13) -> 1 | J31: =COUNTA(E10:AH13) -> 68 | K31: SUP-PNL | L31: =COUNTBLANK(I10:I14) -> 3 | N31: =COUNTBLANK(E10:AH13) -> 52 | Q31: SUP-PNL | R31: 4 | S31: =R31*30 -> 120 | T31: 68 | U31: =T31/S31 -> 0.56666667
B32: SUP-Q-PNL | C32: 3 | D32: =C32*7 -> 21 | E32: =C32*30 -> 90 | G32: SUP-Q-PNL | H32: =COUNTA(E14:E16) -> 1 | J32: =COUNTA(E14:AH16) -> 35 | K32: SUP-Q-PNL | L32: =COUNTBLANK(I14:I16) -> 3 | N32: =COUNTBLANK(E14:AH16) -> 55 | Q32: SUP-Q-PNL | R32: 3 | S32: =R32*30 -> 90 | T32: 35 | U32: =T32/S32 -> 0.38888889
B33: DELUXE - PNL | C33: 7 | D33: =C33*7 -> 49 | E33: =C33*30 -> 210 | G33: DELUXE - PNL | H33: =COUNTA(E17:E23) -> 0 | J33: =COUNTA(E17:AH23) -> 88 | K33: DELUXE - PNL | L33: =COUNTBLANK(I17:I23) -> 6 | N33: =COUNTBLANK(E17:AH23) -> 122 | Q33: DELUXE - PNL | R33: 7 | S33: =R33*30 -> 210 | T33: 88 | U33: =T33/S33 -> 0.41904762
B34: MB - PNL | C34: 1 | D34: =C34*7 -> 7 | E34: =C34*30 -> 30 | G34: MB - PNL | K34: MB - PNL | L34: =COUNTBLANK(I24) -> 0
G37: Room sold by channel
B38: Code | C38: Source | G38: Source | H38: Day | I38: Week | J38: Month | M38: Monthly Analyst
B39: Booked_BK | C39: Booking | G39: Booking | J39: =COUNTIF($E$4:$AH$24,B39) -> 8 | M39: Room Type | N39: Total Month | O39: Booking | P39: Agoda | Q39: Airbnb | R39: Staff | S39: A26 web | T39: Facebook | U39: Walkin | V39: Expedia | W39: Traveloka | X39: Travel Agent | Y39: Klook
B40: Booked_Ag | C40: Agoda | G40: Agoda | J40: =COUNTIF($E$4:$AH$24,B40) -> 50 | M40: STD-PNL | N40: 119 | O40: =COUNTIF($E$4:$AH$9,O44) -> 0 | P40: =COUNTIF($E$4:$AH$9,P44) -> 31 | Q40: =COUNTIF($E$4:$AH$9,Q44) -> 2 | R40: =COUNTIF($E$4:$AH$9,R44) -> 79 | S40: =COUNTIF($E$4:$AH$9,S44) -> 7 | T40: =COUNTIF($E$4:$AH$9,T44) -> 0 | U40: =COUNTIF($E$4:$AH$9,U44) -> 0 | V40: =COUNTIF($E$4:$AH$9,V44) -> 0 | ... Y40: =COUNTIF($E$4:$AH$9,Y44) -> 0
B41: Booked_BNB | C41: Airbnb | G41: Airbnb | J41: =COUNTIF($E$4:$AH$24,B41) -> 27 | M41: SUP-PNL | N41: 68 | O41: =COUNTIF($E$10:$AH$13,O44) -> 6 | P41: =COUNTIF($E$10:$AH$13,P44) -> 14 | Q41: =COUNTIF($E$10:$AH$13,Q44) -> 0 | R41: =COUNTIF($E$10:$AH$13,R44) -> 47 | S41: =COUNTIF($E$10:$AH$13,S44) -> 1 | T41: =COUNTIF($E$10:$AH$13,T44) -> 0 | U41: =COUNTIF($E$10:$AH$13,U44) -> 0 | V41: =COUNTIF($E$10:$AH$13,V44) -> 0 | ... Y41: =COUNTIF($E$10:$AH$13,Y44) -> 0
B42: Booked_CTV | C42: Staff | G42: Staff | J42: =COUNTIF($E$4:$AH$24,B42) -> 200 | M42: SUP-Q-PNL | N42: 35 | O42: =COUNTIF($E$14:$AH$16,O44) -> 2 | P42: =COUNTIF($E$14:$AH$16,P44) -> 5 | Q42: =COUNTIF($E$14:$AH$16,Q44) -> 6 | R42: =COUNTIF($E$14:$AH$16,R44) -> 19 | S42: =COUNTIF($E$14:$AH$16,S44) -> 2 | T42: =COUNTIF($E$14:$AH$16,T44) -> 1 | U42: =COUNTIF($E$14:$AH$16,U44) -> 0 | V42: =COUNTIF($E$14:$AH$16,V44) -> 0 | ... Y42: =COUNTIF($E$14:$AH$16,Y44) -> 0
B43: Booked_Web | C43: A26 web | G43: A26 web | J43: =COUNTIF($E$4:$AH$24,B43) -> 24 | M43: DELUXE - PNL | N43: 88 | O43: =COUNTIF($E$17:$AH$23,O44) -> 0 | P43: =COUNTIF($E$17:$AH$23,P44) -> 0 | Q43: =COUNTIF($E$17:$AH$23,Q44) -> 19 | R43: =COUNTIF($E$17:$AH$23,R44) -> 55 | S43: =COUNTIF($E$17:$AH$23,S44) -> 14 | T43: =COUNTIF($E$17:$AH$23,T44) -> 0 | U43: =COUNTIF($E$17:$AH$23,U44) -> 0 | V43: =COUNTIF($E$17:$AH$23,V44) -> 0 | ... Y43: =COUNTIF($E$17:$AH$23,Y44) -> 0
B44: Booked_FB | C44: Facebook | G44: Facebook | J44: =COUNTIF($E$4:$AH$24,B44) -> 1 | O44: Booked_BK | P44: Booked_Ag | Q44: Booked_BNB | R44: Booked_CTV | S44: Booked_Web | T44: Booked_FB | U44: Booked_WK | V44: Booked_Ex | W44: Booked_LK | X44: Booked_TA | Y44: Booked_KL
B45: Booked_WK | C45: Walkin | G45: Walkin | J45: =COUNTIF($E$4:$AH$24,B45) -> 0
B46: Booked_Ex | C46: Expedia | G46: Expedia | J46: =COUNTIF($E$4:$AH$24,B46) -> 0
B47: Booked_LK | C47: Traveloka | G47: Traveloka | J47: =COUNTIF($E$4:$AH$24,B47) -> 0
B48: Booked_TA | C48: Travel Agent | G48: Travel Agent | J48: =COUNTIF($E$4:$AH$24,B48) -> 0
B49: Booked_KL | C49: Klook | G49: Klook | J49: =COUNTIF($E$4:$AI$24,B49) -> 0

Sheet October
B1: A26 PNL | E1: October 2024
E2: Tue | F2: Wed | G2: Thu | H2: Fri | I2: Sat | J2: Sun | K2: Mon | L2: Tue | M2: Wed | N2: Thu | O2: Fri | P2: Sat | Q2: Sun | R2: Mon | S2: Tue | T2: Wed | U2: Thu | V2: Fri | W2: Sat | X2: Sun | Y2: Mon | Z2: Tue | AA2: Wed | AB2: Thu | AC2: Fri | AD2: Sat | AE2: Sun | AF2: Mon | AG2: Tue | AH2: Wed | AI2: Thu
A3: No | B3: Room type | C3: Room No | D3: Capacity (pax) | E3: 45566 | F3: 45567 | G3: 45568 | H3: 45569 | I3: 45570 | J3: 45571 | K3: 45572 | L3: 45573 | M3: 45574 | N3: 45575 | O3: 45576 | P3: 45577 | Q3: 45578 | R3: 45579 | S3: 45580 | T3: 45581 | U3: 45582 | V3: 45583 | W3: 45584 | X3: 45585 | Y3: 45586 | Z3: 45587 | AA3: 45588 | AB3: 45589 | AC3: 45590 | AD3: 45591 | AE3: 45592 | AF3: 45593 | AG3: 45594 | AH3: 45595 | AI3: 45596
A4: 1 | B4: STD-PNL | C4: 101 | D4: 2 | E4: Booked_CTV | H4: Booked_CTV | L4: Booked_CTV | M4: Booked_CTV | N4: Booked_CTV | O4: Booked_CTV | Q4: Booked_Ex | S4: Booked_BK | T4: Booked_BK | U4: Booked_CTV | V4: Booked_CTV | W4: Booked_CTV | AA4: Booked_Ag | AH4: Booked_Web
A5: 2 | B5: STD-PNL | C5: 201 | D5: 2 | H5: Booked_CTV | I5: Booked_CTV | J5: Booked_CTV | L5: Booked_CTV | M5: Booked_CTV | O5: Booked_BK | Q5: Booked_Ex | R5: Booked_Ex | S5: Booked_Ex | T5: Booked_Ex | U5: Booked_Ex | V5: Booked_Ex
A6: 3 | B6: STD-PNL | C6: 301 | D6: 2 | F6: Booked_BK | H6: Booked_CTV | I6: Booked_BK | M6: Booked_CTV | N6: Booked_CTV | O6: Booked_CTV
A7: 4 | B7: STD-PNL | C7: 401 | D7: 2 | E7: Booked_CTV | F7: Booked_CTV | H7: Booked_CTV | I7: Booked_CTV | J7: Booked_CTV | K7: Booked_CTV | M7: Booked_CTV | N7: Booked_CTV | O7: Booked_CTV
A8: 5 | B8: STD-PNL | C8: 501 | D8: 2 | E8: Booked_CTV | G8: Booked_CTV | J8: Booked_Ex | L8: Booked_BNB | M8: Booked_BK | N8: Booked_BK
A9: 6 | B9: STD-PNL | C9: 601 | D9: 2 | M9: Booked_BK | N9: Booked_BK
A10: 7 | B10: SUP-PNL | C10: 102 | D10: 2 | K10: Booked_BK | M10: Booked_CTV | N10: Booked_CTV | O10: Booked_CTV | V10: Booked_BK | W10: Booked_BK
A11: 8 | B11: SUP-PNL | C11: 202 | D11: 2 | G11: Booked_CTV | H11: Booked_CTV | I11: Booked_CTV | L11: Booked_CTV | M11: Booked_CTV
A12: 9 | B12: SUP-PNL | C12: 302 | D12: 2 | J12: Booked_Ag | K12: Booked_BK | L12: Booked_BK | M12: Booked_BK | N12: Booked_BK | O12: Booked_BK | P12: Booked_BK
A13: 10 | B13: SUP-PNL | C13: 402 | D13: 2 | E13: Booked_CTV | F13: Booked_CTV | M13: Booked_CTV
A14: 11 | B14: SUP-Q-PNL | C14: 502 | D14: 2 | L14: Booked_CTV | AG14: Booked_BNB | AH14: Booked_BNB | AI14: Booked_BNB
A15: 12 | B15: SUP-Q-PNL | C15: 602 | D15: 2 | L15: Booked_CTV | M15: Booked_CTV | AH15: Booked_Ex | AI15: Booked_Ex
A16: 13 | B16: SUP-Q-PNL | C16: 702 | D16: 2 | E16: Lock | F16: Lock | G16: Lock | H16: Lock | I16: Lock | J16: Lock | K16: Lock | L16: Lock | M16: Lock | N16: Lock | O16: Lock | P16: Lock | Q16: Lock | R16: Lock | S16: Lock | T16: Lock | U16: Lock | V16: Lock | W16: Lock | X16: Lock | Y16: Lock | Z16: Lock | AA16: Lock | AB16: Lock | AC16: Lock | AD16: Lock | AE16: Lock | AF16: Lock | AG16: Lock | AH16: Lock | AI16: Lock
A17: 14 | B17: DELUXE-PNL | C17: 103 | D17: 2 | G17: Booked_CTV | V17: Booked_BK | W17: Booked_BK | X17: Booked_BK | Y17: Booked_BK | Z17: Booked_BK
A18: 15 | B18: DELUXE-PNL | C18: 203 | D18: 2 | E18: Booked_CTV | I18: Booked_BNB | J18: Booked_BNB | M18: Booked_BNB | N18: Booked_BK | O18: Booked_BK | P18: Booked_BK | Q18: Booked_BK
A19: 16 | B19: DELUXE-PNL | C19: 303 | D19: 2 | E19: Booked_CTV | F19: Booked_CTV | G19: Booked_CTV | H19: Booked_CTV | I19: Booked_CTV | J19: Booked_CTV | K19: Booked_CTV | L19: Booked_CTV | M19: Booked_CTV | N19: Booked_CTV
A20: 17 | B20: DELUXE-PNL | C20: 403 | D20: 2
A21: 18 | B21: DELUXE-PNL | C21: 503 | D21: 2 | G21: Booked_CTV | AH21: Booked_CTV | AI21: Booked_CTV
A22: 19 | B22: DELUXE-PNL | C22: 603 | D22: 2
A23: 20 | B23: DELUXE-PNL | C23: 703 | D23: 2 | E23: Lock | F23: Lock | G23: Lock | H23: Lock | I23: Lock | J23: Lock | K23: Lock | L23: Lock | M23: Lock | N23: Lock | O23: Lock | P23: Lock | Q23: Lock | R23: Lock | S23: Lock | T23: Lock | U23: Lock | V23: Lock | W23: Lock | X23: Lock | Y23: Lock | Z23: Lock | AA23: Lock | AB23: Lock | AC23: Lock | AD23: Lock | AE23: Lock | AF23: Lock | AG23: Lock | AH23: Lock | AI23: Lock
A24: 21 | B24: MB-PNL | C24: MB-PNL | D24: 1 | E24: Lock | F24: Lock | G24: Lock | H24: Lock | I24: Lock | J24: Lock | K24: Lock | L24: Lock | M24: Lock | N24: Lock | O24: Lock | P24: Lock | Q24: Lock | R24: Lock | S24: Lock | T24: Lock | U24: Lock | V24: Lock | W24: Lock | X24: Lock | Y24: Lock | Z24: Lock | AA24: Lock | AB24: Lock | AC24: Lock | AD24: Lock | AE24: Lock | AF24: Lock | AG24: Lock | AH24: Lock
G27: Room sold by | K27: Room Empty
B28: TOTAL CAPACITY | C28: Day | D28: Week | E28: Month | G28: Room Type | H28: Day | I28: Week | J28: Month | K28: Room Type | L28: Day | M28: Week | N28: Month | Q28: Room Analyst
B29: Total room: | C29: =SUM(C30:C33) -> 19 | D29: =C29*7 -> 133 | E29: =C29*31 -> 589 | H29: 45566 | I29: 6/10 - 12/10 | J29: October | L29: 45566 | M29: 6/10 - 12/10 | N29: October | Q29: TOTAL CAPACITY | R29: Day | S29: Month | T29: Room sold | U29: Occupancy
B30: STD-PNL | C30: 6 | D30: =C30*7 -> 42 | E30: =C30*31 -> 186 | G30: STD-PNL | H30: =COUNTA(E4:E9) -> 3 | I30: =COUNTA(J4:P9) -> 22 | J30: =COUNTA(E4:AI9) -> 49 | K30: STD-PNL | L30: =COUNTBLANK(E4:E9) -> 3 | M30: =COUNTBLANK(J4:P9) -> 20 | N30: =COUNTBLANK(E4:AI9) -> 137 | Q30: Total room: | R30: =SUM(R31:R34) -> 19 | S30: =SUM(S31:S34) -> 589 | T30: =SUM(T31:T34) -> 105 | U30: =T30/S30 -> 0.17826825
B31: SUP-PNL | C31: 4 | D31: =C31*7 -> 28 | E31: =C31*31 -> 124 | G31: SUP-PNL | H31: =COUNTA(E10:E13) -> 1 | J31: =COUNTA(E10:AI13) -> 21 | K31: SUP-PNL | L31: =COUNTBLANK(I10:I14) -> 4 | N31: =COUNTBLANK(E10:AI13) -> 103 | Q31: STD-PNL | R31: 6 | S31: 186 | T31: =J30 -> 49 | U31: =T31/S31 -> 0.26344086
B32: SUP-Q-PNL | C32: 3 | D32: =C32*7 -> 21 | E32: =C32*31 -> 93 | G32: SUP-Q-PNL | H32: =COUNTA(E14:E16) -> 1 | J32: =COUNTA(E14:AI15) -> 8 | K32: SUP-Q-PNL | L32: =COUNTBLANK(I14:I16) -> 2 | N32: =COUNTBLANK(E14:AI15) -> 54 | Q32: SUP-PNL | R32: 4 | S32: 124 | T32: =J31 -> 21 | U32: =T32/S32 -> 0.16935484
B33: DELUXE - PNL | C33: 6 | D33: =C33*7 -> 42 | E33: =C33*31 -> 186 | G33: DELUXE - PNL | H33: =COUNTA(E17:E23) -> 3 | J33: =COUNTA(E17:AI22) -> 27 | K33: DELUXE - PNL | L33: =COUNTBLANK(I17:I23) -> 4 | N33: =COUNTBLANK(E17:AI22) -> 159 | Q33: SUP-Q-PNL | R33: 3 | S33: 93 | T33: =J32 -> 8 | U33: =T33/S33 -> 0.086021505
B34: MB - PNL | C34: 1 | D34: =C34*7 -> 7 | E34: =C34*31 -> 31 | Q34: DELUXE - PNL | R34: 6 | S34: 186 | T34: =J33 -> 27 | U34: =T34/S34 -> 0.14516129
G37: Room sold by channel
B38: Code | C38: Source | G38: Source | H38: Day | I38: Week | J38: Month | M38: Monthly Analyst
B39: Booked_BK | C39: Booking | G39: Booking | J39: =COUNTIF($E$4:$AI$24,B39) -> 27 | M39: Room Type | N39: Total Month | O39: Booking | P39: Agoda | Q39: Airbnb | R39: Staff | S39: A26 web | T39: Facebook | U39: Walkin | V39: Expedia | W39: Traveloka | X39: Travel Agent | Y39: Klook
B40: Booked_Ag | C40: Agoda | G40: Agoda | J40: =COUNTIF($E$4:$AI$24,B40) -> 2 | M40: STD-PNL | N40: =J30 -> 49 | O40: =COUNTIF($E$4:$AI$9,O44) -> 9 | P40: =COUNTIF($E$4:$AI$9,P44) -> 1 | Q40: =COUNTIF($E$4:$AI$9,Q44) -> 1 | R40: =COUNTIF($E$4:$AI$9,R44) -> 29 | S40: =COUNTIF($E$4:$AI$9,S44) -> 1 | T40: =COUNTIF($E$4:$AI$9,T44) -> 0 | U40: =COUNTIF($E$4:$AI$9,U44) -> 0 | V40: =COUNTIF($E$4:$AI$9,V44) -> 8 | ... Y40: =COUNTIF($E$4:$AI$9,Y44) -> 0
B41: Booked_BNB | C41: Airbnb | G41: Airbnb | J41: =COUNTIF($E$4:$AI$24,B41) -> 7 | M41: SUP-PNL | N41: =J31 -> 21 | O41: =COUNTIF($E$10:$AI$13,O44) -> 9 | P41: =COUNTIF($E$10:$AI$13,P44) -> 1 | Q41: =COUNTIF($E$10:$AI$13,Q44) -> 0 | R41: =COUNTIF($E$10:$AI$13,R44) -> 11 | S41: =COUNTIF($E$10:$AI$13,S44) -> 0 | T41: =COUNTIF($E$10:$AI$13,T44) -> 0 | U41: =COUNTIF($E$10:$AI$13,U44) -> 0 | V41: =COUNTIF($E$10:$AI$13,V44) -> 0 | ... Y41: =COUNTIF($E$10:$AI$13,Y44) -> 0
B42: Booked_CTV | C42: Staff | G42: Staff | J42: =COUNTIF($E$4:$AI$24,B42) -> 58 | M42: SUP-Q-PNL | N42: =J32 -> 8 | O42: =COUNTIF($E$14:$AI$16,O44) -> 0 | P42: =COUNTIF($E$14:$AI$16,P44) -> 0 | Q42: =COUNTIF($E$14:$AI$16,Q44) -> 3 | R42: =COUNTIF($E$14:$AI$16,R44) -> 3 | S42: =COUNTIF($E$14:$AI$16,S44) -> 0 | T42: =COUNTIF($E$14:$AI$16,T44) -> 0 | U42: =COUNTIF($E$14:$AI$16,U44) -> 0 | V42: =COUNTIF($E$14:$AI$16,V44) -> 2 | ... Y42: =COUNTIF($E$14:$AI$16,Y44) -> 0
B43: Booked_Web | C43: A26 web | G43: A26 web | J43: =COUNTIF($E$4:$AI$24,B43) -> 1 | M43: DELUXE - PNL | N43: =J33 -> 27 | O43: =COUNTIF($E$17:$AI$23,O44) -> 9 | P43: =COUNTIF($E$17:$AI$23,P44) -> 0 | Q43: =COUNTIF($E$17:$AI$23,Q44) -> 3 | R43: =COUNTIF($E$17:$AI$23,R44) -> 15 | S43: =COUNTIF($E$17:$AI$23,S44) -> 0 | T43: =COUNTIF($E$17:$AI$23,T44) -> 0 | U43: =COUNTIF($E$17:$AI$23,U44) -> 0 | V43: =COUNTIF($E$17:$AI$23,V44) -> 0 | ... Y43: =COUNTIF($E$17:$AI$23,Y44) -> 0
B44: Booked_FB | C44: Facebook | G44: Facebook | J44: =COUNTIF($E$4:$AI$24,B44) -> 0 | O44: Booked_BK | P44: Booked_Ag | Q44: Booked_BNB | R44: Booked_CTV | S44: Booked_Web | T44: Booked_FB | U44: Booked_WK | V44: Booked_Ex | W44: Booked_LK | X44: Booked_TA | Y44: Booked_KL
B45: Booked_WK | C45: Walkin | G45: Walkin | J45: =COUNTIF($E$4:$AI$24,B45) -> 0
B46: Booked_Ex | C46: Expedia | G46: Expedia | J46: =COUNTIF($E$4:$AI$24,B46) -> 10
B47: Booked_LK | C47: Traveloka | G47: Traveloka | J47: =COUNTIF($E$4:$AI$24,B47) -> 0
B48: Booked_TA | C48: Travel Agent | G48: Travel Agent | J48: =COUNTIF($E$4:$AI$24,B48) -> 0
B49: Booked_KL | C49: Klook | G49: Klook | J49: =COUNTIF($E$4:$AI$24,B49) -> 0

Sheet September
B1: A26 Benthanh | E1: September 2024
E2: Sun | F2: Mon | G2: Tue | H2: Wed | I2: Thu | J2: Fri | K2: Sat | L2: Sun | M2: Mon | N2: Tue | O2: Wed | P2: Thu | Q2: Fri | R2: Sat | S2: Sun | T2: Mon | U2: Tue | V2: Wed | W2: Thu | X2: Fri | Y2: Sat | Z2: Sun | AA2: Mon | AB2: Tue | AC2: Wed | AD2: Thu | AE2: Fri | AF2: Sat | AG2: Sun | AH2: Mon
A3: No | B3: Room type | C3: Room No | D3: Capacity (pax) | E3: 45536 | F3: 45537 | G3: 45538 | H3: 45539 | I3: 45540 | J3: 45541 | K3: 45542 | L3: 45543 | M3: 45544 | N3: 45545 | O3: 45546 | P3: 45547 | Q3: 45548 | R3: 45549 | S3: 45550 | T3: 45551 | U3: 45552 | V3: 45553 | W3: 45554 | X3: 45555 | Y3: 45556 | Z3: 45557 | AA3: 45558 | AB3: 45559 | AC3: 45560 | AD3: 45561 | AE3: 45562 | AF3: 45563 | AG3: 45564 | AH3: 45565
A4: 1 | B4: STD-PNL | C4: 101 | D4: 2 | O4: Booked_CTV | P4: Booked_CTV | Q4: Booked_CTV | R4: Booked_CTV | S4: Booked_CTV | T4: Booked_CTV | X4: Booked_BK | Y4: Booked_BK | Z4: Booked_BK | AA4: Booked_BK | AC4: Booked_CTV | AD4: Booked_CTV | AE4: Booked_BK
A5: 2 | B5: STD-PNL | C5: 201 | D5: 2 | E5: Booked_CTV | F5: Booked_CTV | G5: Booked_CTV | H5: Booked_CTV | I5: Booked_CTV | J5: Booked_CTV | K5: Booked_CTV | L5: Booked_KL | M5: Booked_CTV | Q5: Booked_CTV | R5: Booked_BK | S5: Booked_CTV | U5: Booked_Ag | V5: Booked_CTV | W5: Booked_CTV | X5: Booked_BK | Y5: Booked_BK | Z5: Booked_BK | AA5: Booked_BK | AC5: Booked_CTV | AD5: Booked_BK | AE5: Booked_BK | AF5: Booked_BK
A6: 3 | B6: STD-PNL | C6: 301 | D6: 2 | G6: Booked_CTV | H6: Booked_CTV | I6: Booked_CTV | O6: Booked_CTV | P6: Booked_CTV | Q6: Booked_CTV | R6: Booked_CTV | S6: Booked_Ex | U6: Booked_CTV | V6: Booked_Ex | W6: Booked_Ex | X6: Booked_Ex | Y6: Booked_Web | Z6: Booked_Web | AA6: Booked_Web | AB6: Booked_Web | AD6: Booked_BK | AE6: Booked_BK | AF6: Booked_BK | AG6: Booked_BK
A7: 4 | B7: STD-PNL | C7: 401 | D7: 2 | E7: Booked_CTV | J7: Booked_CTV | K7: Booked_CTV | L7: Booked_CTV | M7: Booked_CTV | N7: Booked_CTV | P7: Booked_CTV | Q7: Booked_CTV | R7: Booked_CTV | S7: Booked_CTV | T7: Booked_CTV | V7: Booked_BNB | Y7: Booked_Ag | Z7: Booked_CTV | AB7: Booked_Web | AC7: Booked_CTV | AE7: Booked_BK | AF7: Booked_Ex
A8: 5 | B8: STD-PNL | C8: 501 | D8: 2 | F8: Booked_CTV | H8: Booked_CTV | J8: Booked_TA | K8: Booked_CTV | L8: Booked_CTV | N8: Booked_BK | O8: Booked_BK | Q8: Booked_CTV | R8: Booked_CTV | V8: Booked_CTV | W8: Booked_CTV | Y8: Booked_CTV | Z8: Booked_CTV | AC8: Booked_CTV | AE8: Booked_CTV | AF8: Booked_CTV | AG8: Booked_CTV | AH8: Booked_CTV
A9: 6 | B9: STD-PNL | C9: 601 | D9: 2 | E9: Booked_CTV | F9: Booked_CTV | G9: Booked_CTV | H9: Booked_CTV | K9: Booked_CTV | N9: Booked_BK | O9: Booked_BK | R9: Booked_CTV | S9: Booked_CTV | T9: Booked_CTV | U9: Booked_CTV | X9: Booked_Web | AA9: Booked_Ag | AE9: Booked_CTV | AF9: Booked_CTV
A10: 7 | B10: SUP-PNL | C10: 102 | D10: 2 | F10: Booked_BK | K10: Booked_CTV | L10: Booked_CTV | P10: Booked_BK | R10: Booked_CTV | W10: Booked_CTV | X10: Booked_CTV | Y10: Booked_CTV | Z10: Booked_CTV | AE10: Booked_CTV | AF10: Booked_CTV
A11: 8 | B11: SUP-PNL | C11: 202 | D11: 2 | L11: Booked_CTV | M11: Booked_CTV | Q11: Booked_Ex | R11: Booked_Ex | S11: Booked_CTV | W11: Booked_CTV | X11: Booked_Ex | Y11: Booked_CTV | Z11: Booked_CTV | AC11: Booked_CTV | AE11: Booked_BK | AF11: Booked_Ag | AG11: Booked_CTV
A12: 9 | B12: SUP-PNL | C12: 302 | D12: 2 | K12: Booked_CTV | L12: Booked_CTV | R12: Booked_CTV | Y12: Booked_CTV | Z12: Booked_CTV | AA12: Booked_CTV | AE12: Booked_BK | AF12: Booked_CTV | AG12: Booked_CTV
A13: 10 | B13: SUP-PNL | C13: 402 | D13: 2 | E13: Booked_BK | L13: Booked_CTV | M13: Booked_CTV | N13: Booked_CTV | P13: Booked_CTV | Q13: Booked_CTV | R13: Booked_CTV | S13: Booked_CTV | T13: Booked_CTV | W13: Booked_CTV | X13: Booked_CTV | Y13: Booked_CTV | AC13: Booked_CTV | AD13: Booked_Ex | AE13: Booked_Ex | AF13: Booked_BK | AG13: Booked_BK
A14: 11 | B14: SUP-Q-PNL | C14: 502 | D14: 2 | E14: Booked_CTV | I14: Booked_BNB | O14: Booked_CTV | P14: Booked_CTV | Q14: Booked_CTV | R14: Booked_CTV | S14: Booked_CTV | U14: Booked_CTV | V14: Booked_Ex | W14: Booked_Ex | X14: Booked_Ex | Y14: Booked_CTV | Z14: Booked_CTV | AE14: Booked_BK | AF14: Booked_BK
A15: 12 | B15: SUP-Q-PNL | C15: 602 | D15: 2 | E15: Booked_CTV | J15: Booked_CTV | L15: Booked_CTV | M15: Booked_CTV | R15: Booked_Ag | X15: Booked_CTV | Y15: Booked_CTV | AE15: Booked_BK | AF15: Booked_Ex | AG15: Booked_CTV | AH15: Booked_CTV
A16: 13 | B16: SUP-Q-PNL | C16: 702 | D16: 2 | E16: Booked_CTV | Q16: Booked_CTV | R16: Booked_BK | AF16: Lock | AG16: Lock | AH16: Lock
A17: 14 | B17: DELUXE-PNL | C17: 103 | D17: 2 | G17: Booked_BK | H17: Booked_BK | Q17: Booked_BK | R17: Booked_CTV | W17: Booked_CTV | X17: Booked_CTV | Z17: Booked_BK | AE17: Booked_BNB | AF17: Booked_BNB | AG17: Booked_BNB | AH17: Booked_CTV
A18: 15 | B18: DELUXE-PNL | C18: 203 | D18: 2 | R18: Booked_BNB | S18: Booked_BNB | V18: Booked_CTV | W18: Booked_CTV | Y18: Booked_BNB | Z18: Booked_CTV | AA18: Booked_CTV | AB18: Booked_CTV | AC18: Booked_CTV | AE18: Booked_CTV | AF18: Booked_CTV | AG18: Booked_CTV
A19: 16 | B19: DELUXE-PNL | C19: 303 | D19: 2 | R19: Booked_BNB | S19: Booked_BNB | T19: Booked_BNB | W19: Booked_BK | X19: Booked_BK | Y19: Booked_BK | Z19: Booked_BK | AF19: Booked_BK | AH19: Booked_CTV
A20: 17 | B20: DELUXE-PNL | C20: 403 | D20: 2 | E20: Booked_CTV | F20: Booked_CTV | G20: Booked_CTV | H20: Booked_CTV | I20: Booked_CTV | K20: Booked_CTV | M20: Booked_CTV | N20: Booked_CTV | O20: Booked_CTV | Q20: Booked_BNB | R20: Booked_BNB | S20: Booked_BNB | T20: Booked_BNB | X20: Booked_CTV | Y20: Booked_CTV | AB20: Booked_CTV | AC20: Booked_Ex | AD20: Booked_Ex | AE20: Booked_Ex | AF20: Booked_Ex | AG20: Booked_Ex
A21: 18 | B21: DELUXE-PNL | C21: 503 | D21: 2 | E21: Booked_CTV | H21: Booked_CTV | I21: Booked_CTV | J21: Booked_CTV | K21: Booked_CTV | L21: Booked_CTV | O21: Booked_CTV | P21: Booked_CTV | Q21: Booked_CTV | R21: Booked_CTV | S21: Booked_CTV | T21: Booked_CTV | AF21: Booked_CTV
A22: 19 | B22: DELUXE-PNL | C22: 603 | D22: 2 | E22: Booked_CTV | F22: Booked_CTV | J22: Booked_CTV | K22: Booked_CTV | L22: Booked_CTV | M22: Booked_CTV | O22: Booked_CTV | P22: Booked_CTV | Q22: Booked_CTV | R22: Booked_CTV | S22: Booked_CTV | T22: Booked_CTV | Y22: Booked_Ex | AE22: Booked_CTV | AF22: Booked_CTV
A23: 20 | B23: DELUXE-PNL | C23: 703 | D23: 2 | E23: Lock | F23: Lock | G23: Lock | H23: Lock | I23: Lock | J23: Lock | K23: Lock | L23: Lock | M23: Lock | N23: Lock | O23: Lock | P23: Lock | Q23: Lock | R23: Lock | S23: Lock | T23: Lock | U23: Lock | V23: Lock | W23: Lock | X23: Lock | Y23: Lock | Z23: Lock | AA23: Lock | AB23: Lock | AC23: Lock | AD23: Lock | AE23: Lock | AF23: Lock | AG23: Lock | AH23: Lock
A24: 21 | B24: MB-PNL | C24: MB-PNL | D24: 1 | E24: Lock | F24: Lock | G24: Lock | H24: Lock | I24: Lock | J24: Lock | K24: Lock | L24: Lock | M24: Lock | N24: Lock | O24: Lock | P24: Lock | Q24: Lock | R24: Lock | S24: Lock | T24: Lock | U24: Lock | V24: Lock | W24: Lock | X24: Lock | Y24: Lock | Z24: Lock | AA24: Lock | AB24: Lock | AC24: Lock | AD24: Lock | AE24: Lock | AF24: Lock | AG24: Lock | AH24: Lock
G27: Room sold by | K27: Room Empty | Q27: Room Analyst
B28: TOTAL CAPACITY | C28: Day | D28: Week | E28: Month | G28: Room Type | H28: Day | I28: Week | J28: Month | K28: Room Type | L28: Day | M28: Week | N28: Month | Q28: TOTAL CAPACITY | R28: Day | S28: Month | T28: Room sold | U28: Occupancy
B29: Total room: | C29: 21 | D29: =C29*7 -> 147 | E29: =C29*30 -> 630 | H29: 45536 | I29: 6/9 - 12/9 | J29: September | L29: 45536 | M29: 6/9 - 12/9 | N29: September | Q29: Total room: | R29: 20 | S29: 630 | T29: =SUM(T30:T33) -> 270 | U29: =T29/S29 -> 0.42857143
B30: STD-PNL | C30: 6 | D30: =C30*7 -> 42 | E30: =C30*30 -> 180 | G30: STD-PNL | H30: =COUNTA(E4:E9) -> 3 | I30: =COUNTA(J4:P9) -> 22 | J30: =COUNTA(E4:AH9) -> 107 | K30: STD-PNL | L30: =COUNTBLANK(E4:E9) -> 3 | M30: =COUNTBLANK(J4:P9) -> 20 | N30: =COUNTBLANK(E4:AH9) -> 73 | O30: =J30+N30 -> 180 | Q30: STD-PNL | R30: 6 | S30: 180 | T30: 107 | U30: =T30/S30 -> 0.59444444
B31: SUP-PNL | C31: 4 | D31: =C31*7 -> 28 | E31: =C31*30 -> 120 | G31: SUP-PNL | H31: =COUNTA(E10:E13) -> 1 | J31: =COUNTA(E10:AH13) -> 50 | K31: SUP-PNL | L31: =COUNTBLANK(I10:I14) -> 4 | N31: =COUNTBLANK(E10:AH13) -> 70 | O31: =J31+N31 -> 120 | Q31: SUP-PNL | R31: 4 | S31: 120 | T31: 50 | U31: =T31/S31 -> 0.41666667
B32: SUP-Q-PNL | C32: 3 | D32: =C32*7 -> 21 | E32: =C32*30 -> 90 | G32: SUP-Q-PNL | H32: =COUNTA(E14:E16) -> 3 | J32: =COUNTA(E14:AH16) -> 32 | K32: SUP-Q-PNL | L32: =COUNTBLANK(I14:I16) -> 2 | N32: =COUNTBLANK(E14:AH16) -> 58 | O32: =J32+N32 -> 90 | Q32: SUP-Q-PNL | R32: 3 | S32: 90 | T32: 32 | U32: =T32/S32 -> 0.35555556
B33: DELUXE - PNL | C33: 7 | D33: =C33*7 -> 49 | E33: =C33*30 -> 210 | G33: DELUXE - PNL | H33: 3 | J33: 81 | K33: DELUXE - PNL | L33: 3 | N33: =COUNTBLANK(E17:AH22) -> 99 | O33: =J33+N33 -> 180 | Q33: DELUXE - PNL | R33: 7 | S33: 210 | T33: 81 | U33: =T33/S33 -> 0.38571429
B34: MB - PNL | C34: 1 | D34: =C34*7 -> 7 | E34: =C34*30 -> 30 | G34: MB - PNL | H34: =COUNTA(E24) -> 1 | K34: MB - PNL | L34: =COUNTBLANK(I24) -> 0 | O34: =J34+N34 -> 0
G37: Room sold by channel
B38: Code | C38: Source | G38: Source | H38: Day | I38: Week | J38: Month | M38: Monthly Analyst
B39: Booked_BK | C39: Booking | G39: Booking | J39: =COUNTIF($E$4:$AH$24,B39) -> 42 | M39: Room Type | N39: Total Month | O39: Booking | P39: Agoda | Q39: Airbnb | R39: Staff | S39: A26 web | T39: Facebook | U39: Walkin | V39: Expedia | W39: Traveloka | X39: Travel Agent | Y39: Klook
B40: Booked_Ag | C40: Agoda | G40: Agoda | J40: =COUNTIF($E$4:$AH$24,B40) -> 5 | M40: STD-PNL | N40: 107 | O40: =COUNTIF($E$4:$AI$9,O44) -> 22 | P40: =COUNTIF($E$4:$AI$9,P44) -> 3 | Q40: =COUNTIF($E$4:$AI$9,Q44) -> 1 | R40: =COUNTIF($E$4:$AI$9,R44) -> 68 | S40: =COUNTIF($E$4:$AI$9,S44) -> 6 | T40: =COUNTIF($E$4:$AI$9,T44) -> 0 | U40: =COUNTIF($E$4:$AI$9,U44) -> 0 | V40: =COUNTIF($E$4:$AI$9,V44) -> 5 | ... Y40: =COUNTIF($E$4:$AI$9,Y44) -> 1 | Z40: =SUM(O40:Y40) -> 107
B41: Booked_BNB | C41: Airbnb | G41: Airbnb | J41: =COUNTIF($E$4:$AH$24,B41) -> 15 | M41: SUP-PNL | N41: 50 | O41: =COUNTIF($E$10:$AI$13,O44) -> 7 | P41: =COUNTIF($E$10:$AI$13,P44) -> 1 | Q41: =COUNTIF($E$10:$AI$13,Q44) -> 0 | R41: =COUNTIF($E$10:$AI$13,R44) -> 37 | S41: =COUNTIF($E$10:$AI$13,S44) -> 0 | T41: =COUNTIF($E$10:$AI$13,T44) -> 0 | U41: =COUNTIF($E$10:$AI$13,U44) -> 0 | V41: =COUNTIF($E$10:$AI$13,V44) -> 5 | ... Y41: =COUNTIF($E$10:$AI$13,Y44) -> 0 | Z41: =SUM(O41:Y41) -> 50
B42: Booked_CTV | C42: Staff | G42: Staff | J42: =COUNTIF($E$4:$AH$24,B42) -> 177 | M42: SUP-Q-PNL | N42: 32 | O42: =COUNTIF($E$14:$AI$16,O44) -> 4 | P42: =COUNTIF($E$14:$AI$16,P44) -> 1 | Q42: =COUNTIF($E$14:$AI$16,Q44) -> 1 | R42: =COUNTIF($E$14:$AI$16,R44) -> 19 | S42: =COUNTIF($E$14:$AI$16,S44) -> 0 | T42: =COUNTIF($E$14:$AI$16,T44) -> 0 | U42: =COUNTIF($E$14:$AI$16,U44) -> 0 | V42: =COUNTIF($E$14:$AI$16,V44) -> 4 | ... Y42: =COUNTIF($E$14:$AI$16,Y44) -> 0 | Z42: =SUM(O42:Y42) -> 29
B43: Booked_Web | C43: A26 web | G43: A26 web | J43: =COUNTIF($E$4:$AH$24,B43) -> 6 | M43: DELUXE - PNL | N43: 81 | O43: =COUNTIF($E$17:$AI$23,O44) -> 9 | P43: =COUNTIF($E$17:$AI$23,P44) -> 0 | Q43: =COUNTIF($E$17:$AI$23,Q44) -> 13 | R43: =COUNTIF($E$17:$AI$23,R44) -> 53 | S43: =COUNTIF($E$17:$AI$23,S44) -> 0 | T43: =COUNTIF($E$17:$AI$23,T44) -> 0 | U43: =COUNTIF($E$17:$AI$23,U44) -> 0 | V43: =COUNTIF($E$17:$AI$23,V44) -> 6 | ... Y43: =COUNTIF($E$17:$AI$23,Y44) -> 0 | Z43: =SUM(O43:Y43) -> 81
B44: Booked_FB | C44: Facebook | G44: Facebook | J44: =COUNTIF($E$4:$AH$24,B44) -> 0 | O44: Booked_BK | P44: Booked_Ag | Q44: Booked_BNB | R44: Booked_CTV | S44: Booked_Web | T44: Booked_FB | U44: Booked_WK | V44: Booked_Ex | W44: Booked_LK | X44: Booked_TA | Y44: Booked_KL | Z44: =SUM(O44:Y44) -> 0
B45: Booked_WK | C45: Walkin | G45: Walkin | J45: =COUNTIF($E$4:$AH$24,B45) -> 0
B46: Booked_Ex | C46: Expedia | G46: Expedia | J46: =COUNTIF($E$4:$AH$24,B46) -> 20
B47: Booked_LK | C47: Traveloka | G47: Traveloka | J47: =COUNTIF($E$4:$AH$24,B47) -> 0
B48: Booked_TA | C48: Travel Agent | G48: Travel Agent | J48: =COUNTIF($E$4:$AH$24,B48) -> 1
B49: Booked_KL | C49: Klook | G49: Klook | J49: =COUNTIF($E$4:$AI$24,B49) -> 1

Sheet July
B1: A26 PNL | E1: July 2024
E2: Mon | F2: Tue | G2: Wed | H2: Thu | I2: Fri | J2: Sat | K2: Sun | L2: Mon | M2: Tue | N2: Wed | O2: Thu | P2: Fri | Q2: Sat | R2: Sun | S2: Mon | T2: Tue | U2: Wed | V2: Thu | W2: Fri | X2: Sat | Y2: Sun | Z2: Mon | AA2: Tue | AB2: Wed | AC2: Thu | AD2: Fri | AE2: Sat | AF2: Sun | AG2: Mon | AH2: Tue | AI2: Wed
A3: No | B3: Room type | C3: Room No | D3: Capacity (pax) | E3: 45474 | F3: 45475 | G3: 45476 | H3: 45477 | I3: 45478 | J3: 45479 | K3: 45480 | L3: 45481 | M3: 45482 | N3: 45483 | O3: 45484 | P3: 45485 | Q3: 45486 | R3: 45487 | S3: 45488 | T3: 45489 | U3: 45490 | V3: 45491 | W3: 45492 | X3: 45493 | Y3: 45494 | Z3: 45495 | AA3: 45496 | AB3: 45497 | AC3: 45498 | AD3: 45499 | AE3: 45500 | AF3: 45501 | AG3: 45502 | AH3: 45503 | AI3: 45504
A4: 1 | B4: STD-PNL | C4: 101 | D4: 2 | F4: Booked_CTV | I4: Booked_CTV | J4: Booked_CTV | K4: Booked_CTV | L4: Booked_CTV | M4: Booked_CTV | N4: Booked_CTV | O4: Booked_CTV | R4: Booked_CTV | T4: Booked_CTV | U4: Booked_CTV | V4: Booked_Ag | X4: Booked_CTV | Y4: Booked_TA | Z4: Booked_TA | AB4: Booked_CTV | AC4: Booked_CTV | AE4: Booked_CTV | AF4: Booked_BK | AG4: Booked_CTV
A5: 2 | B5: STD-PNL | C5: 201 | D5: 2 | E5: Booked_Ag | F5: Booked_Ag | G5: Booked_CTV | H5: Booked_CTV | I5: Booked_CTV | J5: Booked_Ag | K5: Booked_CTV | N5: Booked_CTV | O5: Booked_BK | Q5: Booked_CTV | R5: Booked_CTV | S5: Booked_CTV | T5: Booked_CTV | U5: Booked_CTV | V5: Booked_CTV | W5: Booked_CTV | X5: Booked_CTV | Y5: Booked_CTV | Z5: Booked_BNB | AA5: Booked_BNB | AB5: Booked_CTV | AC5: Booked_CTV | AD5: Booked_CTV | AE5: Booked_CTV | AF5: Booked_CTV | AG5: Booked_CTV | AH5: Booked_CTV | AI5: Booked_CTV
A6: 3 | B6: STD-PNL | C6: 301 | D6: 2 | E6: Booked_CTV | F6: Booked_CTV | G6: Booked_CTV | H6: Booked_CTV | I6: Booked_CTV | K6: Booked_CTV | L6: Booked_CTV | M6: Booked_CTV | O6: Booked_BK | Q6: Booked_CTV | S6: Booked_CTV | U6: Booked_CTV | V6: Booked_CTV | W6: Booked_CTV | X6: Booked_CTV | Y6: Booked_CTV | Z6: Booked_BNB | AA6: Booked_BNB | AB6: Booked_CTV | AC6: Booked_CTV | AD6: Booked_Ag | AE6: Booked_Ag | AF6: Booked_Ag | AG6: Booked_Ag | AH6: Booked_Ag | AI6: Booked_Ag
A7: 4 | B7: STD-PNL | C7: 401 | D7: 2 | E7: Booked_CTV | F7: Booked_CTV | G7: Booked_CTV | H7: Booked_CTV | I7: Booked_CTV | J7: Booked_CTV | K7: Booked_CTV | L7: Booked_CTV | M7: Booked_CTV | N7: Booked_CTV | O7: Booked_CTV | P7: Booked_CTV | Q7: Booked_CTV | R7: Booked_CTV | S7: Booked_CTV | T7: Booked_CTV | U7: Booked_CTV | V7: Booked_CTV | W7: Booked_CTV | X7: Booked_CTV | Y7: Booked_CTV | Z7: Booked_CTV | AA7: Booked_CTV | AB7: Booked_CTV | AC7: Booked_CTV | AD7: Booked_CTV | AE7: Booked_CTV | AF7: Booked_CTV | AG7: Booked_CTV | AH7: Booked_CTV | AI7: Booked_CTV
A8: 5 | B8: STD-PNL | C8: 501 | D8: 2 | E8: Booked_CTV | F8: Booked_CTV | G8: Booked_CTV | H8: Booked_CTV | I8: Booked_CTV | J8: Booked_CTV | L8: Booked_Ag | M8: Booked_Ag | N8: Booked_Ag | O8: Booked_CTV | Q8: Booked_Ag | R8: Booked_CTV | S8: Booked_Web | T8: Booked_Web | U8: Booked_Ag | V8: Booked_Ag | W8: Booked_Ag | X8: Booked_Ag | Y8: Booked_Ag | AA8: Booked_Ag | AB8: Booked_Ag | AC8: Booked_Ag | AD8: Booked_Ag | AE8: Booked_Ag | AF8: Booked_Ag | AG8: Booked_Ag | AH8: Booked_Ag | AI8: Booked_Ag
A9: 6 | B9: STD-PNL | C9: 601 | D9: 2 | E9: Booked_Ag | F9: Booked_Ag | G9: Booked_Ag | H9: Booked_Ag | I9: Booked_Ag | J9: Booked_Ag | K9: Booked_Ag | L9: Booked_Ag | M9: Booked_Ag | N9: Booked_Ag | O9: Booked_Ag | P9: Booked_CTV | Q9: Booked_CTV | R9: Booked_CTV | S9: Booked_Ag | T9: Booked_CTV | U9: Booked_CTV | V9: Booked_CTV | W9: Booked_CTV | X9: Booked_CTV | Y9: Booked_CTV | AC9: Booked_CTV | AD9: Booked_CTV | AE9: Booked_CTV | AF9: Booked_CTV | AG9: Booked_CTV | AH9: Booked_Ag | AI9: Booked_Ag
A10: 7 | B10: SUP-PNL | C10: 102 | D10: 2 | E10: Booked_BNB | F10: Booked_BNB | H10: Booked_CTV | I10: Booked_CTV | J10: Booked_CTV | L10: Booked_CTV | M10: Booked_CTV | O10: Booked_BK | Q10: Booked_CTV | R10: Booked_CTV | T10: Booked_CTV | W10: Booked_CTV | X10: Booked_CTV | Y10: Booked_CTV | Z10: Booked_CTV | AB10: Booked_CTV | AC10: Booked_CTV | AD10: Booked_CTV | AE10: Booked_CTV | AF10: Booked_CTV | AG10: Booked_CTV | AI10: Booked_CTV
A11: 8 | B11: SUP-PNL | C11: 202 | D11: 2 | E11: Booked_CTV | F11: Booked_CTV | G11: Booked_CTV | H11: Booked_CTV | I11: Booked_CTV | J11: Booked_CTV | K11: Booked_CTV | L11: Booked_CTV | O11: Booked_CTV | P11: Booked_CTV | Q11: Booked_CTV | V11: Booked_CTV | W11: Booked_CTV | X11: Booked_CTV | Y11: Booked_CTV | Z11: Booked_BNB | AA11: Booked_CTV | AB11: Booked_CTV | AC11: Booked_CTV | AD11: Booked_CTV | AE11: Booked_Ex | AF11: Booked_Ex | AG11: Booked_Ex | AI11: Booked_CTV
A12: 9 | B12: SUP-PNL | C12: 302 | D12: 2 | E12: Booked_CTV | F12: Booked_CTV | G12: Booked_CTV | H12: Booked_CTV | I12: Booked_CTV | J12: Booked_CTV | K12: Booked_CTV | M12: Booked_CTV | O12: Booked_Ag | P12: Booked_Ag | Q12: Booked_Ag | R12: Booked_Ag | U12: Booked_Ag | W12: Booked_CTV | X12: Booked_BK | Z12: Booked_BNB | AA12: Booked_BNB | AB12: Booked_CTV | AC12: Booked_CTV | AD12: Booked_BK | AE12: Booked_CTV | AF12: Booked_CTV | AI12: Booked_CTV
A13: 10 | B13: SUP-PNL | C13: 402 | D13: 2 | E13: Booked_BNB | F13: Booked_BNB | H13: Booked_CTV | L13: Booked_CTV | M13: Booked_CTV | N13: Booked_CTV | O13: Booked_BK | Q13: Booked_BK | V13: Booked_CTV | W13: Booked_CTV | X13: Booked_CTV | Y13: Booked_CTV | Z13: Booked_BNB | AA13: Booked_BNB | AB13: Booked_CTV | AD13: Booked_CTV | AE13: Booked_CTV | AF13: Booked_CTV | AG13: Booked_BK | AI13: Booked_CTV
A14: 11 | B14: SUP-Q-PNL | C14: 502 | D14: 2 | E14: Booked_BNB | F14: Booked_BNB | H14: Booked_CTV | I14: Booked_CTV | J14: Booked_CTV | L14: Booked_CTV | M14: Booked_Web | N14: Booked_Web | O14: Booked_Web | P14: Booked_Web | Q14: Booked_Web | R14: Booked_Ag | S14: Booked_Ag | T14: Booked_Ag | U14: Booked_Web | W14: Booked_CTV | X14: Booked_CTV | Y14: Booked_CTV | AB14: Booked_CTV | AC14: Booked_CTV | AD14: Booked_CTV | AE14: Booked_CTV | AF14: Booked_CTV | AG14: Booked_CTV | AI14: Booked_CTV
A15: 12 | B15: SUP-Q-PNL | C15: 602 | D15: 2 | E15: Booked_CTV | F15: Booked_BNB | I15: Booked_CTV | J15: Booked_CTV | N15: Booked_CTV | O15: Booked_BK | P15: Booked_CTV | Q15: Booked_BK | S15: Booked_CTV | T15: Booked_CTV | V15: Booked_CTV | W15: Booked_CTV | X15: Booked_CTV | Y15: Booked_CTV | Z15: Booked_CTV | AA15: Booked_CTV | AB15: Booked_CTV | AC15: Booked_CTV | AE15: Booked_CTV | AF15: Booked_CTV | AG15: Booked_CTV
A16: 13 | B16: SUP-Q-PNL | C16: 702 | D16: 2 | J16: Booked_Web | K16: Booked_BK | Y16: Booked_CTV | AB16: Booked_CTV | AC16: Booked_CTV | AE16: Booked_CTV | AF16: Booked_CTV
A17: 14 | B17: DELUXE-PNL | C17: 103 | D17: 2 | R17: Booked_CTV | S17: Booked_CTV | T17: Booked_CTV | U17: Booked_CTV | V17: Booked_CTV | Y17: Booked_CTV | Z17: Booked_BNB | AA17: Booked_BNB | AB17: Booked_CTV | AC17: Booked_CTV
A18: 15 | B18: DELUXE-PNL | C18: 203 | D18: 2 | E18: Booked_Web | I18: Booked_CTV | J18: Booked_CTV | K18: Booked_CTV | L18: Booked_CTV | M18: Booked_CTV | N18: Booked_CTV | O18: Booked_CTV | P18: Booked_CTV | Q18: Booked_CTV | R18: Booked_CTV | S18: Booked_CTV | T18: Booked_CTV | Z18: Booked_BNB | AA18: Booked_BNB | AE18: Booked_CTV
A19: 16 | B19: DELUXE-PNL | C19: 303 | D19: 2 | E19: Booked_CTV | I19: Booked_CTV | J19: Booked_CTV | K19: Booked_CTV | L19: Booked_CTV | M19: Booked_CTV | N19: Booked_CTV | O19: Booked_CTV | P19: Booked_CTV | Q19: Booked_CTV | R19: Booked_CTV | S19: Booked_CTV | T19: Booked_CTV | U19: Booked_CTV | V19: Booked_CTV | W19: Booked_CTV | X19: Booked_CTV | Y19: Booked_CTV | Z19: Booked_CTV | AA19: Booked_CTV | AB19: Booked_CTV | AC19: Booked_CTV
A20: 17 | B20: DELUXE-PNL | C20: 403 | D20: 2 | F20: Booked_CTV | G20: Booked_CTV | H20: Booked_CTV | I20: Booked_CTV | J20: Booked_CTV | L20: Booked_CTV | M20: Booked_CTV | N20: Booked_CTV | O20: Booked_CTV | P20: Booked_CTV | Q20: Booked_BK | R20: Booked_CTV | S20: Booked_CTV | T20: Booked_Ag | U20: Booked_Ag | V20: Booked_CTV | Y20: Booked_CTV | Z20: Booked_CTV | AA20: Booked_CTV | AC20: Booked_CTV | AD20: Booked_CTV | AE20: Booked_CTV | AF20: Booked_CTV
A21: 18 | B21: DELUXE-PNL | C21: 503 | D21: 2 | E21: Booked_CTV | G21: Booked_CTV | I21: Booked_Ag | J21: Booked_Ag | K21: Booked_Ag | L21: Booked_CTV | M21: Booked_CTV | N21: Booked_CTV | O21: Booked_CTV | P21: Booked_CTV | Q21: Booked_CTV | R21: Booked_CTV | T21: Booked_CTV | U21: Booked_Ag | W21: Booked_CTV | X21: Booked_BNB | Y21: Booked_Ag | AA21: Booked_CTV | AB21: Booked_CTV | AC21: Booked_CTV | AE21: Booked_CTV | AG21: Booked_CTV | AH21: Booked_CTV
A22: 19 | B22: DELUXE-PNL | C22: 603 | D22: 2 | E22: Booked_CTV | F22: Booked_CTV | G22: Booked_CTV | H22: Booked_CTV | I22: Booked_CTV | J22: Booked_CTV | K22: Booked_CTV | L22: Booked_CTV | M22: Booked_CTV | N22: Booked_CTV | O22: Booked_CTV | P22: Booked_CTV | Q22: Booked_Ag | R22: Booked_Ag | S22: Booked_Ag | T22: Booked_CTV | V22: Booked_CTV | W22: Booked_CTV | X22: Booked_Ag | Y22: Booked_Ag | AB22: Booked_CTV | AC22: Booked_CTV | AE22: Booked_CTV | AF22: Booked_CTV | AG22: Booked_CTV | AH22: Booked_CTV
A23: 20 | B23: DELUXE-PNL | C23: 703 | D23: 2 | H23: Booked_CTV | I23: Booked_CTV | J23: Booked_CTV | K23: Booked_CTV | O23: Booked_CTV | Q23: Booked_CTV | R23: Booked_CTV | S23: Booked_CTV | T23: Booked_CTV | U23: Booked_CTV | V23: Booked_CTV | W23: Booked_CTV | X23: Booked_CTV | Y23: Booked_CTV | AC23: Booked_CTV | AE23: Booked_CTV | AF23: Booked_CTV
A24: 21 | B24: MB-PNL | C24: MB-PNL | D24: 1 | E24: Lock | F24: Lock | G24: Lock | H24: Lock | I24: Lock | J24: Lock | K24: Lock | L24: Lock | M24: Lock | N24: Lock | O24: Lock | P24: Lock | Q24: Lock | R24: Lock | S24: Lock | T24: Lock | U24: Lock | V24: Lock | W24: Lock | X24: Lock | Y24: Lock | Z24: Lock | AA24: Lock | AB24: Lock | AC24: Lock | AD24: Lock | AE24: Lock | AF24: Lock | AG24: Lock | AH24: Lock | AI24: Lock
G27: Room sold by | K27: Room Empty | Q27: Room Analyst
B28: TOTAL CAPACITY | C28: Day | D28: Week | E28: Month | G28: Room Type | H28: Day | I28: Week | J28: Month | K28: Room Type | L28: Day | M28: Week | N28: Month | Q28: TOTAL CAPACITY | R28: Day | S28: Month | T28: Room sold | U28: Occupancy
B29: Total room: | C29: 21 | D29: =C29*7 -> 147 | E29: =C29*31 -> 651 | H29: 45474 | I29: 6/7 - 12/7 | J29: July | L29: 45474 | M29: 6/7 - 12/7 | N29: July | Q29: Total room: | R29: =SUM(R30:R33) -> 20 | S29: 651 | T29: =SUM(T30:T33) -> 441 | U29: =T29/S29 -> 0.67741935
B30: STD-PNL | C30: 6 | D30: =C30*7 -> 42 | E30: =C30*31 -> 186 | G30: STD-PNL | H30: =COUNTA(E4:E9) -> 5 | I30: =COUNTA(J4:P9) -> 33 | J30: =COUNTA(E4:AI9) -> 161 | K30: STD-PNL | L30: =COUNTBLANK(E4:E9) -> 1 | M30: =COUNTBLANK(J4:P9) -> 9 | N30: =COUNTBLANK(E4:AI9) -> 25 | Q30: STD-PNL | R30: 6 | S30: 186 | T30: 161 | U30: =T30/S30 -> 0.8655914
B31: SUP-PNL | C31: 4 | D31: =C31*7 -> 28 | E31: =C31*31 -> 124 | G31: SUP-PNL | H31: =COUNTA(E10:E13) -> 4 | J31: =COUNTA(E10:AI13) -> 89 | K31: SUP-PNL | L31: =COUNTBLANK(I10:I14) -> 1 | N31: =COUNTBLANK(E10:AI13) -> 35 | Q31: SUP-PNL | R31: 4 | S31: 124 | T31: 89 | U31: =T31/S31 -> 0.71774194
B32: SUP-Q-PNL | C32: 3 | D32: =C32*7 -> 21 | E32: =C32*31 -> 93 | G32: SUP-Q-PNL | H32: =COUNTA(E14:E16) -> 2 | J32: =COUNTA(E14:AI16) -> 53 | K32: SUP-Q-PNL | L32: =COUNTBLANK(I14:I16) -> 1 | N32: =COUNTBLANK(E14:AI16) -> 40 | Q32: SUP-Q-PNL | R32: 3 | S32: 93 | T32: 54 | U32: =T32/S32 -> 0.58064516
B33: DELUXE - PNL | C33: 7 | D33: =C33*7 -> 49 | E33: =C33*31 -> 217 | G33: DELUXE - PNL | H33: =COUNTA(E17:E23) -> 4 | J33: =COUNTA(E17:AI23) -> 137 | K33: DELUXE - PNL | L33: =COUNTBLANK(I17:I23) -> 1 | N33: =COUNTBLANK(E17:AI23) -> 80 | Q33: DELUXE - PNL | R33: 7 | S33: 217 | T33: 137 | U33: =T33/S33 -> 0.63133641
B34: MB - PNL | C34: 1 | D34: =C34*7 -> 7 | E34: =C34*31 -> 31 | G34: MB - PNL | H34: =COUNTA(E24) -> 1 | K34: MB - PNL | L34: =COUNTBLANK(I24) -> 0
G37: Room sold by channel
B38: Code | C38: Source | G38: Source | H38: Day | I38: Week | J38: Month | M38: Monthly Analyst
B39: Booked_BK | C39: Booking | G39: Booking | J39: =COUNTIF($E$4:$AI$24,B39) -> 13 | M39: Room Type | N39: Total Month | O39: Booking | P39: Agoda | Q39: Airbnb | R39: Staff | S39: A26 web | T39: Facebook | U39: Walkin | V39: Expedia | W39: Traveloka | X39: Travel Agent | Y39: Klook
B40: Booked_Ag | C40: Agoda | G40: Agoda | J40: =COUNTIF($E$4:$AI$24,B40) -> 62 | M40: STD-PNL | N40: 161 | O40: =COUNTIF($E$4:$AI$9,O44) -> 3 | P40: =COUNTIF($E$4:$AI$9,P44) -> 42 | Q40: =COUNTIF($E$4:$AI$9,Q44) -> 4 | R40: =COUNTIF($E$4:$AI$9,R44) -> 108 | S40: =COUNTIF($E$4:$AI$9,S44) -> 2 | T40: =COUNTIF($E$4:$AI$9,T44) -> 0 | U40: =COUNTIF($E$4:$AI$9,U44) -> 0 | V40: =COUNTIF($E$4:$AI$9,V44) -> 0 | ... Y40: =COUNTIF($E$4:$AI$9,Y44) -> 0
B41: Booked_BNB | C41: Airbnb | G41: Airbnb | J41: =COUNTIF($E$4:$AI$24,B41) -> 21 | M41: SUP-PNL | N41: 89 | O41: =COUNTIF($E$10:$AI$13,O44) -> 6 | P41: =COUNTIF($E$10:$AI$13,P44) -> 5 | Q41: =COUNTIF($E$10:$AI$13,Q44) -> 9 | R41: =COUNTIF($E$10:$AI$13,R44) -> 66 | S41: =COUNTIF($E$10:$AI$13,S44) -> 0 | T41: =COUNTIF($E$10:$AI$13,T44) -> 0 | U41: =COUNTIF($E$10:$AI$13,U44) -> 0 | V41: =COUNTIF($E$10:$AI$13,V44) -> 3 | ... Y41: =COUNTIF($E$10:$AI$13,Y44) -> 0
B42: Booked_CTV | C42: Staff | G42: Staff | J42: =COUNTIF($E$4:$AI$24,B42) -> 329 | M42: SUP-Q-PNL | N42: 54 | O42: =COUNTIF($E$14:$AI$16,O44) -> 3 | P42: =COUNTIF($E$14:$AI$16,P44) -> 3 | Q42: =COUNTIF($E$14:$AI$16,Q44) -> 3 | R42: =COUNTIF($E$14:$AI$16,R44) -> 37 | S42: =COUNTIF($E$14:$AI$16,S44) -> 7 | T42: =COUNTIF($E$14:$AI$16,T44) -> 0 | U42: =COUNTIF($E$14:$AI$16,U44) -> 0 | V42: =COUNTIF($E$14:$AI$16,V44) -> 0 | ... Y42: =COUNTIF($E$14:$AI$16,Y44) -> 0
B43: Booked_Web | C43: A26 web | G43: A26 web | J43: =COUNTIF($E$4:$AI$24,B43) -> 10 | M43: DELUXE - PNL | N43: 137 | O43: =COUNTIF($E$17:$AI$23,O44) -> 1 | P43: =COUNTIF($E$17:$AI$23,P44) -> 12 | Q43: =COUNTIF($E$17:$AI$23,Q44) -> 5 | R43: =COUNTIF($E$17:$AI$23,R44) -> 118 | S43: =COUNTIF($E$17:$AI$23,S44) -> 1 | T43: =COUNTIF($E$17:$AI$23,T44) -> 0 | U43: =COUNTIF($E$17:$AI$23,U44) -> 0 | V43: =COUNTIF($E$17:$AI$23,V44) -> 0 | ... Y43: =COUNTIF($E$17:$AI$23,Y44) -> 0
B44: Booked_FB | C44: Facebook | G44: Facebook | J44: =COUNTIF($E$4:$AI$24,B44) -> 0 | O44: Booked_BK | P44: Booked_Ag | Q44: Booked_BNB | R44: Booked_CTV | S44: Booked_Web | T44: Booked_FB | U44: Booked_WK | V44: Booked_Ex | W44: Booked_LK | X44: Booked_TA | Y44: Booked_KL
B45: Booked_WK | C45: Walkin | G45: Walkin | J45: =COUNTIF($E$4:$AI$24,B45) -> 0
B46: Booked_Ex | C46: Expedia | G46: Expedia | J46: =COUNTIF($E$4:$AI$24,B46) -> 3
B47: Booked_LK | C47: Traveloka | G47: Traveloka | J47: =COUNTIF($E$4:$AI$24,B47) -> 0
B48: Booked_TA | C48: Travel Agent | G48: Travel Agent | J48: =COUNTIF($E$4:$AI$24,B48) -> 2
B49: Booked_KL | C49: Klook | G49: Klook | J49: =COUNTIF($E$4:$AI$24,B49) -> 0

Sheet May
B1: A26 PNL | E1: May 2024
E2: Wed | F2: Thu | G2: Fri | H2: Sat | I2: Sun | J2: Mon | K2: Tue | L2: Wed | M2: Thu | N2: Fri | O2: Sat | P2: Sun | Q2: Mon | R2: Tue | S2: Wed | T2: Thu | U2: Fri | V2: Sat | W2: Sun | X2: Mon | Y2: Tue | Z2: Wed | AA2: Thu | AB2: Fri | AC2: Sat | AD2: Sun | AE2: Mon | AF2: Tue | AG2: Wed | AH2: Thu | AI2: Fri
A3: No | B3: Room type | C3: Room No | D3: Capacity (pax) | E3: 45413 | F3: 45414 | G3: 45415 | H3: 45416 | I3: 45417 | J3: 45418 | K3: 45419 | L3: 45420 | M3: 45421 | N3: 45422 | O3: 45423 | P3: 45424 | Q3: 45425 | R3: 45426 | S3: 45427 | T3: 45428 | U3: 45429 | V3: 45430 | W3: 45431 | X3: 45432 | Y3: 45433 | Z3: 45434 | AA3: 45435 | AB3: 45436 | AC3: 45437 | AD3: 45438 | AE3: 45439 | AF3: 45440 | AG3: 45441 | AH3: 45442 | AI3: 45443
A4: 1 | B4: STD-PNL | C4: 101 | D4: 2 | AF4: Booked_CTV | AH4: Booked_CTV | AI4: Booked_CTV
A5: 2 | B5: STD-PNL | C5: 201 | D5: 2 | AC5: Booked_CTV | AF5: Booked_CTV | AG5: Booked_CTV | AH5: Booked_CTV | AI5: Booked_CTV
A6: 3 | B6: STD-PNL | C6: 301 | D6: 2 | AC6: Booked_BNB | AD6: Booked_CTV | AE6: Booked_CTV | AF6: Booked_CTV | AG6: Booked_CTV | AH6: Booked_CTV
A7: 4 | B7: STD-PNL | C7: 401 | D7: 2 | AC7: Booked_CTV | AD7: Booked_CTV | AE7: Booked_CTV | AF7: Booked_CTV | AG7: Booked_BNB | AH7: Booked_BNB | AI7: Booked_BNB
A8: 5 | B8: STD-PNL | C8: 501 | D8: 2 | AC8: Booked_FB | AD8: Booked_FB | AE8: Booked_FB | AF8: Booked_FB | AG8: Booked_FB
A9: 6 | B9: STD-PNL | C9: 601 | D9: 2 | AC9: Booked_FB | AD9: Booked_CTV | AE9: Booked_CTV | AF9: Booked_CTV | AG9: Booked_CTV | AH9: Booked_CTV
A10: 7 | B10: SUP-PNL | C10: 102 | D10: 2 | AF10: Booked_CTV | AG10: Booked_CTV | AH10: Booked_CTV
A11: 8 | B11: SUP-PNL | C11: 202 | D11: 2 | AF11: Booked_CTV | AG11: Booked_CTV | AH11: Booked_FB | AI11: Booked_FB
A12: 9 | B12: SUP-PNL | C12: 302 | D12: 2 | AC12: Booked_CTV | AE12: Booked_FB | AF12: Booked_FB | AG12: Booked_FB | AI12: Booked_CTV
A13: 10 | B13: SUP-PNL | C13: 402 | D13: 2 | AC13: Booked_CTV | AD13: Booked_CTV | AE13: Booked_CTV | AF13: Booked_CTV
A14: 11 | B14: SUP-Q-PNL | C14: 502 | D14: 2 | AC14: Booked_CTV | AE14: Booked_CTV | AF14: Booked_CTV
A15: 12 | B15: SUP-Q-PNL | C15: 602 | D15: 2 | AB15: Booked_CTV | AC15: Booked_CTV | AD15: Booked_BNB | AE15: Booked_CTV | AF15: Booked_CTV
A16: 13 | B16: SUP-Q-PNL | C16: 702 | D16: 2
A17: 14 | B17: DELUXE-PNL | C17: 103 | D17: 2
A18: 15 | B18: DELUXE-PNL | C18: 203 | D18: 2
A19: 16 | B19: DELUXE-PNL | C19: 303 | D19: 2 | AB19: Booked_CTV | AC19: Booked_CTV | AE19: Booked_Web | AF19: Booked_CTV
A20: 17 | B20: DELUXE-PNL | C20: 403 | D20: 2 | AB20: Booked_BNB | AC20: Booked_FB | AF20: Booked_BNB
A21: 18 | B21: DELUXE-PNL | C21: 503 | D21: 2 | Z21: Booked_CTV | AF21: Booked_BNB
A22: 19 | B22: DELUXE-PNL | C22: 603 | D22: 2 | AD22: Booked_CTV | AI22: Booked_Ex
A23: 20 | B23: DELUXE-PNL | C23: 703 | D23: 2
A24: 21 | B24: MB-PNL | C24: MB-PNL | D24: 1 | E24: Lock | F24: Lock | G24: Lock | H24: Lock | I24: Lock | J24: Lock | K24: Lock | L24: Lock | M24: Lock | N24: Lock | O24: Lock | P24: Lock | Q24: Lock | R24: Lock | S24: Lock | T24: Lock | U24: Lock | V24: Lock | W24: Lock | X24: Lock | Y24: Lock | Z24: Lock | AA24: Lock | AB24: Lock | AC24: Lock | AD24: Lock | AE24: Lock | AF24: Lock | AG24: Lock | AH24: Lock | AI24: Lock
G27: Room sold by | K27: Room Empty
B28: TOTAL CAPACITY | C28: Day | D28: Week | E28: Month | G28: Room Type | H28: Day | I28: Week | J28: Month | K28: Room Type | L28: Day | M28: Week | N28: Month
B29: Total room: | C29: 21 | D29: =C29*7 -> 147 | E29: =C29*31 -> 651 | H29: 45413 | I29: 6/5 - 12/5 | J29: May | L29: 45413 | M29: 6/5 - 12/5 | N29: May
B30: STD-PNL | C30: 6 | D30: =C30*7 -> 42 | E30: =C30*31 -> 186 | G30: STD-PNL | H30: =COUNTA(E4:E9) -> 0 | I30: =COUNTA(J4:P9) -> 0 | J30: =COUNTA(E4:AI9) -> 32 | K30: STD-PNL | L30: =COUNTBLANK(E4:E9) -> 6 | M30: =COUNTBLANK(J4:P9) -> 42 | N30: =COUNTBLANK(E4:AI9) -> 154 | O30: =J30+N30 -> 186
B31: SUP-PNL | C31: 4 | D31: =C31*7 -> 28 | E31: =C31*31 -> 124 | G31: SUP-PNL | H31: =COUNTA(E10:E13) -> 0 | J31: =COUNTA(E10:AI13) -> 16 | K31: SUP-PNL | L31: =COUNTBLANK(I10:I14) -> 5 | N31: =COUNTBLANK(E10:AI13) -> 108 | O31: =J31+N31 -> 124
B32: SUP-Q-PNL | C32: 3 | D32: =C32*7 -> 21 | E32: =C32*31 -> 93 | G32: SUP-Q-PNL | H32: =COUNTA(E14:E16) -> 0 | J32: =COUNTA(E14:AI16) -> 8 | K32: SUP-Q-PNL | L32: =COUNTBLANK(I14:I16) -> 3 | N32: =COUNTBLANK(E14:AI16) -> 85 | O32: =J32+N32 -> 93
B33: DELUXE - PNL | C33: 7 | D33: =C33*7 -> 49 | E33: =C33*31 -> 217 | G33: DELUXE - PNL | H33: =COUNTA(E17:E23) -> 0 | J33: =COUNTA(E17:AI23) -> 11 | K33: DELUXE - PNL | L33: =COUNTBLANK(I17:I23) -> 7 | N33: =COUNTBLANK(E17:AI23) -> 206 | O33: =J33+N33 -> 217
B34: MB - PNL | C34: 1 | D34: =C34*7 -> 7 | E34: =C34*31 -> 31 | G34: MB - PNL | H34: =COUNTA(E24) -> 1 | K34: MB - PNL | L34: =COUNTBLANK(I24) -> 0 | O34: =J34+N34 -> 0
G37: Room sold by channel
B38: Code | C38: Source | G38: Source | H38: Day | I38: Week | J38: Month
B39: Booked_BK | C39: Booking | G39: Booking | J39: =COUNTIF($E$4:$AI$24,B39) -> 0
B40: Booked_Ag | C40: Agoda | G40: Agoda | J40: =COUNTIF($E$4:$AI$24,B40) -> 0
B41: Booked_BNB | C41: Airbnb | G41: Airbnb | J41: =COUNTIF($E$4:$AI$24,B41) -> 8
B42: Booked_CTV | C42: Staff | G42: Staff | J42: =COUNTIF($E$4:$AI$24,B42) -> 45
B43: Booked_Web | C43: A26 web | G43: A26 web | J43: =COUNTIF($E$4:$AI$24,B43) -> 1
B44: Booked_FB | C44: Facebook | G44: Facebook | J44: =COUNTIF($E$4:$AI$24,B44) -> 12
B45: Booked_WK | C45: Walkin | G45: Walkin | J45: =COUNTIF($E$4:$AI$24,B45) -> 0
B46: Booked_Ex | C46: Expedia | G46: Expedia | J46: =COUNTIF($E$4:$AI$24,B46) -> 1
B47: Booked_LK | C47: Traveloka | G47: Traveloka | J47: =COUNTIF($E$4:$AI$24,B47) -> 0
B48: Booked_TA | C48: Travel Agent | G48: Travel Agent | J48: =COUNTIF($E$4:$AI$24,B48) -> 0
B49: Booked_KL | C49: Klook | G49: Klook | J49: =COUNTIF($E$4:$AI$24,B49) -> 0
